DatasetID	DatasetSynID	FileSynID	File
230601_iPSC_art_ven_EC_10Xmultiome	syn52236866	syn52261199	230601_iPSC_art_ven_EC_10Xmultiome.combinedFiltered.hg38.rna.h5
230601_iPSC_art_ven_EC_10Xmultiome	syn52236866	syn52270618	230601_iPSC_art_ven_EC_10Xmultiome_CPM.tsv
230601_iPSC_art_ven_EC_10Xmultiome	syn52236866	syn52236928	230601_iPSC_art_ven_EC_10Xmultiome_Cluster0.atac.filter.cutsites.hg38.tagAlign.gz
230601_iPSC_art_ven_EC_10Xmultiome	syn52236866	syn52361580	230601_iPSC_art_ven_EC_10Xmultiome_Cluster0.atac.filter.cutsites.hg38.tagAlign.gz.tbi
230601_iPSC_art_ven_EC_10Xmultiome	syn52236866	syn52236921	230601_iPSC_art_ven_EC_10Xmultiome_Cluster1.atac.filter.cutsites.hg38.tagAlign.gz
230601_iPSC_art_ven_EC_10Xmultiome	syn52236866	syn52361546	230601_iPSC_art_ven_EC_10Xmultiome_Cluster1.atac.filter.cutsites.hg38.tagAlign.gz.tbi
230601_iPSC_art_ven_EC_10Xmultiome	syn52236866	syn52236897	230601_iPSC_art_ven_EC_10Xmultiome_Cluster10.atac.filter.cutsites.hg38.tagAlign.gz
230601_iPSC_art_ven_EC_10Xmultiome	syn52236866	syn52361556	230601_iPSC_art_ven_EC_10Xmultiome_Cluster10.atac.filter.cutsites.hg38.tagAlign.gz.tbi
230601_iPSC_art_ven_EC_10Xmultiome	syn52236866	syn52236898	230601_iPSC_art_ven_EC_10Xmultiome_Cluster11.atac.filter.cutsites.hg38.tagAlign.gz
230601_iPSC_art_ven_EC_10Xmultiome	syn52236866	syn52361557	230601_iPSC_art_ven_EC_10Xmultiome_Cluster11.atac.filter.cutsites.hg38.tagAlign.gz.tbi
230601_iPSC_art_ven_EC_10Xmultiome	syn52236866	syn52236899	230601_iPSC_art_ven_EC_10Xmultiome_Cluster12.atac.filter.cutsites.hg38.tagAlign.gz
230601_iPSC_art_ven_EC_10Xmultiome	syn52236866	syn52361558	230601_iPSC_art_ven_EC_10Xmultiome_Cluster12.atac.filter.cutsites.hg38.tagAlign.gz.tbi
230601_iPSC_art_ven_EC_10Xmultiome	syn52236866	syn52236915	230601_iPSC_art_ven_EC_10Xmultiome_Cluster2.atac.filter.cutsites.hg38.tagAlign.gz
230601_iPSC_art_ven_EC_10Xmultiome	syn52236866	syn52361548	230601_iPSC_art_ven_EC_10Xmultiome_Cluster2.atac.filter.cutsites.hg38.tagAlign.gz.tbi
230601_iPSC_art_ven_EC_10Xmultiome	syn52236866	syn52236918	230601_iPSC_art_ven_EC_10Xmultiome_Cluster3.atac.filter.cutsites.hg38.tagAlign.gz
230601_iPSC_art_ven_EC_10Xmultiome	syn52236866	syn52361549	230601_iPSC_art_ven_EC_10Xmultiome_Cluster3.atac.filter.cutsites.hg38.tagAlign.gz.tbi
230601_iPSC_art_ven_EC_10Xmultiome	syn52236866	syn52236902	230601_iPSC_art_ven_EC_10Xmultiome_Cluster4.atac.filter.cutsites.hg38.tagAlign.gz
230601_iPSC_art_ven_EC_10Xmultiome	syn52236866	syn52361550	230601_iPSC_art_ven_EC_10Xmultiome_Cluster4.atac.filter.cutsites.hg38.tagAlign.gz.tbi
230601_iPSC_art_ven_EC_10Xmultiome	syn52236866	syn52236903	230601_iPSC_art_ven_EC_10Xmultiome_Cluster5.atac.filter.cutsites.hg38.tagAlign.gz
230601_iPSC_art_ven_EC_10Xmultiome	syn52236866	syn52361551	230601_iPSC_art_ven_EC_10Xmultiome_Cluster5.atac.filter.cutsites.hg38.tagAlign.gz.tbi
230601_iPSC_art_ven_EC_10Xmultiome	syn52236866	syn52236908	230601_iPSC_art_ven_EC_10Xmultiome_Cluster6.atac.filter.cutsites.hg38.tagAlign.gz
230601_iPSC_art_ven_EC_10Xmultiome	syn52236866	syn52361552	230601_iPSC_art_ven_EC_10Xmultiome_Cluster6.atac.filter.cutsites.hg38.tagAlign.gz.tbi
230601_iPSC_art_ven_EC_10Xmultiome	syn52236866	syn52236907	230601_iPSC_art_ven_EC_10Xmultiome_Cluster7.atac.filter.cutsites.hg38.tagAlign.gz
230601_iPSC_art_ven_EC_10Xmultiome	syn52236866	syn52361553	230601_iPSC_art_ven_EC_10Xmultiome_Cluster7.atac.filter.cutsites.hg38.tagAlign.gz.tbi
230601_iPSC_art_ven_EC_10Xmultiome	syn52236866	syn52236929	230601_iPSC_art_ven_EC_10Xmultiome_Cluster8.atac.filter.cutsites.hg38.tagAlign.gz
230601_iPSC_art_ven_EC_10Xmultiome	syn52236866	syn52361554	230601_iPSC_art_ven_EC_10Xmultiome_Cluster8.atac.filter.cutsites.hg38.tagAlign.gz.tbi
230601_iPSC_art_ven_EC_10Xmultiome	syn52236866	syn52236932	230601_iPSC_art_ven_EC_10Xmultiome_Cluster9.atac.filter.cutsites.hg38.tagAlign.gz
230601_iPSC_art_ven_EC_10Xmultiome	syn52236866	syn52361555	230601_iPSC_art_ven_EC_10Xmultiome_Cluster9.atac.filter.cutsites.hg38.tagAlign.gz.tbi
230601_iPSC_art_ven_EC_10Xmultiome	syn52236866	syn52236941	230601_iPSC_art_ven_EC_10Xmultiome_ClusterAssignment.tsv
230601_iPSC_art_ven_EC_10Xmultiome	syn52236866	syn52236936	230601_iPSC_art_ven_EC_10Xmultiome_ClusterMetadata.tsv
CharacterizationMcGinnis_Dataset0	syn52289185	syn52291466	CharacterizationMcGinnis_Dataset0.combinedFiltered.hg38.rna.h5
CharacterizationMcGinnis_Dataset0	syn52289185	syn52292008	CharacterizationMcGinnis_Dataset0_CPM.tsv
CharacterizationMcGinnis_Dataset0	syn52289185	syn52298027	CharacterizationMcGinnis_Dataset0_CellClusterAssignment.tsv
CharacterizationMcGinnis_Dataset0	syn52289185	syn52298028	CharacterizationMcGinnis_Dataset0_ClusterMetadata.tsv
CharacterizationMcGinnis_Dataset0	syn52289185	syn52289186	CharacterizationMcGinnis_Dataset0_cluster0.atac.filter.cutsites.hg38.tagAlign.gz
CharacterizationMcGinnis_Dataset0	syn52289185	syn52335527	CharacterizationMcGinnis_Dataset0_cluster0.atac.filter.cutsites.hg38.tagAlign.gz.tbi
CharacterizationMcGinnis_Dataset0	syn52289185	syn52289187	CharacterizationMcGinnis_Dataset0_cluster1.atac.filter.cutsites.hg38.tagAlign.gz
CharacterizationMcGinnis_Dataset0	syn52289185	syn52335528	CharacterizationMcGinnis_Dataset0_cluster1.atac.filter.cutsites.hg38.tagAlign.gz.tbi
CharacterizationMcGinnis_Dataset0	syn52289185	syn52289189	CharacterizationMcGinnis_Dataset0_cluster2.atac.filter.cutsites.hg38.tagAlign.gz
CharacterizationMcGinnis_Dataset0	syn52289185	syn52335529	CharacterizationMcGinnis_Dataset0_cluster2.atac.filter.cutsites.hg38.tagAlign.gz.tbi
CharacterizationMcGinnis_Dataset0	syn52289185	syn52289190	CharacterizationMcGinnis_Dataset0_cluster3.atac.filter.cutsites.hg38.tagAlign.gz
CharacterizationMcGinnis_Dataset0	syn52289185	syn52335530	CharacterizationMcGinnis_Dataset0_cluster3.atac.filter.cutsites.hg38.tagAlign.gz.tbi
CharacterizationMcGinnis_Dataset0	syn52289185	syn52289192	CharacterizationMcGinnis_Dataset0_cluster4.atac.filter.cutsites.hg38.tagAlign.gz
CharacterizationMcGinnis_Dataset0	syn52289185	syn52335531	CharacterizationMcGinnis_Dataset0_cluster4.atac.filter.cutsites.hg38.tagAlign.gz.tbi
CharacterizationMcGinnis_Dataset0	syn52289185	syn52289193	CharacterizationMcGinnis_Dataset0_cluster5.atac.filter.cutsites.hg38.tagAlign.gz
CharacterizationMcGinnis_Dataset0	syn52289185	syn52335532	CharacterizationMcGinnis_Dataset0_cluster5.atac.filter.cutsites.hg38.tagAlign.gz.tbi
CharacterizationMcGinnis_Dataset0	syn52289185	syn52289194	CharacterizationMcGinnis_Dataset0_cluster6.atac.filter.cutsites.hg38.tagAlign.gz
CharacterizationMcGinnis_Dataset0	syn52289185	syn52335533	CharacterizationMcGinnis_Dataset0_cluster6.atac.filter.cutsites.hg38.tagAlign.gz.tbi
CharacterizationMcGinnis_Dataset1	syn52292213	syn52292247	CharacterizationMcGinnis_Dataset1.combinedFiltered.hg38.rna.h5
CharacterizationMcGinnis_Dataset1	syn52292213	syn52293639	CharacterizationMcGinnis_Dataset1_CPM.tsv
CharacterizationMcGinnis_Dataset1	syn52292213	syn52298029	CharacterizationMcGinnis_Dataset1_CellClusterAssignment.tsv
CharacterizationMcGinnis_Dataset1	syn52292213	syn52298030	CharacterizationMcGinnis_Dataset1_ClusterMetadata.tsv
CharacterizationMcGinnis_Dataset1	syn52292213	syn52293668	CharacterizationMcGinnis_Dataset1_cluster0.atac.filter.cutsites.hg38.tagAlign.gz
CharacterizationMcGinnis_Dataset1	syn52292213	syn52335604	CharacterizationMcGinnis_Dataset1_cluster0.atac.filter.cutsites.hg38.tagAlign.gz.tbi
CharacterizationMcGinnis_Dataset1	syn52292213	syn52293560	CharacterizationMcGinnis_Dataset1_cluster1.atac.filter.cutsites.hg38.tagAlign.gz
CharacterizationMcGinnis_Dataset1	syn52292213	syn52335605	CharacterizationMcGinnis_Dataset1_cluster1.atac.filter.cutsites.hg38.tagAlign.gz.tbi
CharacterizationMcGinnis_Dataset1	syn52292213	syn52293570	CharacterizationMcGinnis_Dataset1_cluster2.atac.filter.cutsites.hg38.tagAlign.gz
CharacterizationMcGinnis_Dataset1	syn52292213	syn52335606	CharacterizationMcGinnis_Dataset1_cluster2.atac.filter.cutsites.hg38.tagAlign.gz.tbi
CharacterizationMcGinnis_Dataset1	syn52292213	syn52293609	CharacterizationMcGinnis_Dataset1_cluster3.atac.filter.cutsites.hg38.tagAlign.gz
CharacterizationMcGinnis_Dataset1	syn52292213	syn52335607	CharacterizationMcGinnis_Dataset1_cluster3.atac.filter.cutsites.hg38.tagAlign.gz.tbi
CharacterizationMcGinnis_Dataset1	syn52292213	syn52293625	CharacterizationMcGinnis_Dataset1_cluster4.atac.filter.cutsites.hg38.tagAlign.gz
CharacterizationMcGinnis_Dataset1	syn52292213	syn52335608	CharacterizationMcGinnis_Dataset1_cluster4.atac.filter.cutsites.hg38.tagAlign.gz.tbi
CharacterizationMcGinnis_Dataset1	syn52292213	syn52335609	CharacterizationMcGinnis_Dataset1_cluster5.atac.filter.cutsites.hg38.sorted.tagAlign.gz.tbi
CharacterizationMcGinnis_Dataset1	syn52292213	syn52293628	CharacterizationMcGinnis_Dataset1_cluster5.atac.filter.cutsites.hg38.tagAlign.gz
CharacterizationMcGinnis_Dataset1	syn52292213	syn52335610	CharacterizationMcGinnis_Dataset1_cluster6.atac.filter.cutsites.hg38.sorted.tagAlign.gz.tbi
CharacterizationMcGinnis_Dataset1	syn52292213	syn52293629	CharacterizationMcGinnis_Dataset1_cluster6.atac.filter.cutsites.hg38.tagAlign.gz
CharacterizationMcGinnis_Dataset10	syn52293704	syn52293716	CharacterizationMcGinnis_Dataset10.combinedFiltered.hg38.rna.h5
CharacterizationMcGinnis_Dataset10	syn52293704	syn52361747	CharacterizationMcGinnis_Dataset10_CPM.tsv
CharacterizationMcGinnis_Dataset10	syn52293704	syn52298048	CharacterizationMcGinnis_Dataset10_CellClusterAssignment.tsv
CharacterizationMcGinnis_Dataset10	syn52293704	syn52298049	CharacterizationMcGinnis_Dataset10_ClusterMetadata.tsv
CharacterizationMcGinnis_Dataset10	syn52293704	syn52297853	CharacterizationMcGinnis_Dataset10_cluster0.atac.filter.cutsites.hg38.tagAlign.gz
CharacterizationMcGinnis_Dataset10	syn52293704	syn52339782	CharacterizationMcGinnis_Dataset10_cluster0.atac.filter.cutsites.hg38.tagAlign.gz.tbi
CharacterizationMcGinnis_Dataset10	syn52293704	syn52297894	CharacterizationMcGinnis_Dataset10_cluster1.atac.filter.cutsites.hg38.tagAlign.gz
CharacterizationMcGinnis_Dataset10	syn52293704	syn52339783	CharacterizationMcGinnis_Dataset10_cluster1.atac.filter.cutsites.hg38.tagAlign.gz.tbi
CharacterizationMcGinnis_Dataset10	syn52293704	syn52297896	CharacterizationMcGinnis_Dataset10_cluster2.atac.filter.cutsites.hg38.tagAlign.gz
CharacterizationMcGinnis_Dataset10	syn52293704	syn52339784	CharacterizationMcGinnis_Dataset10_cluster2.atac.filter.cutsites.hg38.tagAlign.gz.tbi
CharacterizationMcGinnis_Dataset10	syn52293704	syn52297909	CharacterizationMcGinnis_Dataset10_cluster3.atac.filter.cutsites.hg38.tagAlign.gz
CharacterizationMcGinnis_Dataset10	syn52293704	syn52339786	CharacterizationMcGinnis_Dataset10_cluster3.atac.filter.cutsites.hg38.tagAlign.gz.tbi
CharacterizationMcGinnis_Dataset10	syn52293704	syn52297921	CharacterizationMcGinnis_Dataset10_cluster4.atac.filter.cutsites.hg38.tagAlign.gz
CharacterizationMcGinnis_Dataset10	syn52293704	syn52339789	CharacterizationMcGinnis_Dataset10_cluster4.atac.filter.cutsites.hg38.tagAlign.gz.tbi
CharacterizationMcGinnis_Dataset10	syn52293704	syn52297924	CharacterizationMcGinnis_Dataset10_cluster5.atac.filter.cutsites.hg38.tagAlign.gz
CharacterizationMcGinnis_Dataset10	syn52293704	syn52339790	CharacterizationMcGinnis_Dataset10_cluster5.atac.filter.cutsites.hg38.tagAlign.gz.tbi
CharacterizationMcGinnis_Dataset10	syn52293704	syn52297927	CharacterizationMcGinnis_Dataset10_cluster6.atac.filter.cutsites.hg38.tagAlign.gz
CharacterizationMcGinnis_Dataset10	syn52293704	syn52339791	CharacterizationMcGinnis_Dataset10_cluster6.atac.filter.cutsites.hg38.tagAlign.gz.tbi
CharacterizationMcGinnis_Dataset10	syn52293704	syn52297941	CharacterizationMcGinnis_Dataset10_cluster7.atac.filter.cutsites.hg38.tagAlign.gz
CharacterizationMcGinnis_Dataset10	syn52293704	syn52339795	CharacterizationMcGinnis_Dataset10_cluster7.atac.filter.cutsites.hg38.tagAlign.gz.tbi
CharacterizationMcGinnis_Dataset10	syn52293704	syn52297942	CharacterizationMcGinnis_Dataset10_cluster8.atac.filter.cutsites.hg38.tagAlign.gz
CharacterizationMcGinnis_Dataset10	syn52293704	syn52339796	CharacterizationMcGinnis_Dataset10_cluster8.atac.filter.cutsites.hg38.tagAlign.gz.tbi
CharacterizationMcGinnis_Dataset2	syn52291133	syn52361245	CharacterizationMcGinnis_Dataset2.combinedFiltered.hg38.rna.h5
CharacterizationMcGinnis_Dataset2	syn52291133	syn52294133	CharacterizationMcGinnis_Dataset2_CPM.tsv
CharacterizationMcGinnis_Dataset2	syn52291133	syn52298031	CharacterizationMcGinnis_Dataset2_CellClusterAssignment.tsv
CharacterizationMcGinnis_Dataset2	syn52291133	syn52298032	CharacterizationMcGinnis_Dataset2_ClusterMetadata.tsv
CharacterizationMcGinnis_Dataset2	syn52291133	syn52291178	CharacterizationMcGinnis_Dataset2_cluster0.atac.filter.cutsites.hg38.tagAlign.gz
CharacterizationMcGinnis_Dataset2	syn52291133	syn52335560	CharacterizationMcGinnis_Dataset2_cluster0.atac.filter.cutsites.hg38.tagAlign.gz.tbi
CharacterizationMcGinnis_Dataset2	syn52291133	syn52291194	CharacterizationMcGinnis_Dataset2_cluster1.atac.filter.cutsites.hg38.tagAlign.gz
CharacterizationMcGinnis_Dataset2	syn52291133	syn52335561	CharacterizationMcGinnis_Dataset2_cluster1.atac.filter.cutsites.hg38.tagAlign.gz.tbi
CharacterizationMcGinnis_Dataset2	syn52291133	syn52291209	CharacterizationMcGinnis_Dataset2_cluster2.atac.filter.cutsites.hg38.tagAlign.gz
CharacterizationMcGinnis_Dataset2	syn52291133	syn52335562	CharacterizationMcGinnis_Dataset2_cluster2.atac.filter.cutsites.hg38.tagAlign.gz.tbi
CharacterizationMcGinnis_Dataset2	syn52291133	syn52291223	CharacterizationMcGinnis_Dataset2_cluster3.atac.filter.cutsites.hg38.tagAlign.gz
CharacterizationMcGinnis_Dataset2	syn52291133	syn52335563	CharacterizationMcGinnis_Dataset2_cluster3.atac.filter.cutsites.hg38.tagAlign.gz.tbi
CharacterizationMcGinnis_Dataset2	syn52291133	syn52291236	CharacterizationMcGinnis_Dataset2_cluster4.atac.filter.cutsites.hg38.tagAlign.gz
CharacterizationMcGinnis_Dataset2	syn52291133	syn52335564	CharacterizationMcGinnis_Dataset2_cluster4.atac.filter.cutsites.hg38.tagAlign.gz.tbi
CharacterizationMcGinnis_Dataset2	syn52291133	syn52291240	CharacterizationMcGinnis_Dataset2_cluster5.atac.filter.cutsites.hg38.tagAlign.gz
CharacterizationMcGinnis_Dataset2	syn52291133	syn52335565	CharacterizationMcGinnis_Dataset2_cluster5.atac.filter.cutsites.hg38.tagAlign.gz.tbi
CharacterizationMcGinnis_Dataset2	syn52291133	syn52291244	CharacterizationMcGinnis_Dataset2_cluster6.atac.filter.cutsites.hg38.tagAlign.gz
CharacterizationMcGinnis_Dataset2	syn52291133	syn52335566	CharacterizationMcGinnis_Dataset2_cluster6.atac.filter.cutsites.hg38.tagAlign.gz.tbi
CharacterizationMcGinnis_Dataset3	syn52291491	syn52298033	CharacterizationMcGinnis_Dataset3.combinedFiltered.hg38.rna.h5
CharacterizationMcGinnis_Dataset3	syn52291491	syn52361261	CharacterizationMcGinnis_Dataset3_CPM.csv
CharacterizationMcGinnis_Dataset3	syn52291491	syn52298034	CharacterizationMcGinnis_Dataset3_CellClusterAssignment.tsv
CharacterizationMcGinnis_Dataset3	syn52291491	syn52298035	CharacterizationMcGinnis_Dataset3_ClusterMetadata.tsv
CharacterizationMcGinnis_Dataset3	syn52291491	syn52291563	CharacterizationMcGinnis_Dataset3_cluster0.atac.filter.cutsites.hg38.tagAlign.gz
CharacterizationMcGinnis_Dataset3	syn52291491	syn52339466	CharacterizationMcGinnis_Dataset3_cluster0.atac.filter.cutsites.hg38.tagAlign.gz.tbi
CharacterizationMcGinnis_Dataset3	syn52291491	syn52291580	CharacterizationMcGinnis_Dataset3_cluster1.atac.filter.cutsites.hg38.tagAlign.gz
CharacterizationMcGinnis_Dataset3	syn52291491	syn52339467	CharacterizationMcGinnis_Dataset3_cluster1.atac.filter.cutsites.hg38.tagAlign.gz.tbi
CharacterizationMcGinnis_Dataset3	syn52291491	syn52291742	CharacterizationMcGinnis_Dataset3_cluster10.atac.filter.cutsites.hg38.tagAlign.gz
CharacterizationMcGinnis_Dataset3	syn52291491	syn52339480	CharacterizationMcGinnis_Dataset3_cluster10.atac.filter.cutsites.hg38.tagAlign.gz.tbi
CharacterizationMcGinnis_Dataset3	syn52291491	syn52291752	CharacterizationMcGinnis_Dataset3_cluster11.atac.filter.cutsites.hg38.tagAlign.gz
CharacterizationMcGinnis_Dataset3	syn52291491	syn52339481	CharacterizationMcGinnis_Dataset3_cluster11.atac.filter.cutsites.hg38.tagAlign.gz.tbi
CharacterizationMcGinnis_Dataset3	syn52291491	syn52291769	CharacterizationMcGinnis_Dataset3_cluster12.atac.filter.cutsites.hg38.tagAlign.gz
CharacterizationMcGinnis_Dataset3	syn52291491	syn52339483	CharacterizationMcGinnis_Dataset3_cluster12.atac.filter.cutsites.hg38.tagAlign.gz.tbi
CharacterizationMcGinnis_Dataset3	syn52291491	syn52291773	CharacterizationMcGinnis_Dataset3_cluster13.atac.filter.cutsites.hg38.tagAlign.gz
CharacterizationMcGinnis_Dataset3	syn52291491	syn52339484	CharacterizationMcGinnis_Dataset3_cluster13.atac.filter.cutsites.hg38.tagAlign.gz.tbi
CharacterizationMcGinnis_Dataset3	syn52291491	syn52291776	CharacterizationMcGinnis_Dataset3_cluster14.atac.filter.cutsites.hg38.tagAlign.gz
CharacterizationMcGinnis_Dataset3	syn52291491	syn52339485	CharacterizationMcGinnis_Dataset3_cluster14.atac.filter.cutsites.hg38.tagAlign.gz.tbi
CharacterizationMcGinnis_Dataset3	syn52291491	syn52291778	CharacterizationMcGinnis_Dataset3_cluster15.atac.filter.cutsites.hg38.tagAlign.gz
CharacterizationMcGinnis_Dataset3	syn52291491	syn52339486	CharacterizationMcGinnis_Dataset3_cluster15.atac.filter.cutsites.hg38.tagAlign.gz.tbi
CharacterizationMcGinnis_Dataset3	syn52291491	syn52291780	CharacterizationMcGinnis_Dataset3_cluster16.atac.filter.cutsites.hg38.tagAlign.gz
CharacterizationMcGinnis_Dataset3	syn52291491	syn52339487	CharacterizationMcGinnis_Dataset3_cluster16.atac.filter.cutsites.hg38.tagAlign.gz.tbi
CharacterizationMcGinnis_Dataset3	syn52291491	syn52291782	CharacterizationMcGinnis_Dataset3_cluster17.atac.filter.cutsites.hg38.tagAlign.gz
CharacterizationMcGinnis_Dataset3	syn52291491	syn52339488	CharacterizationMcGinnis_Dataset3_cluster17.atac.filter.cutsites.hg38.tagAlign.gz.tbi
CharacterizationMcGinnis_Dataset3	syn52291491	syn52291783	CharacterizationMcGinnis_Dataset3_cluster18.atac.filter.cutsites.hg38.tagAlign.gz
CharacterizationMcGinnis_Dataset3	syn52291491	syn52339489	CharacterizationMcGinnis_Dataset3_cluster18.atac.filter.cutsites.hg38.tagAlign.gz.tbi
CharacterizationMcGinnis_Dataset3	syn52291491	syn52291636	CharacterizationMcGinnis_Dataset3_cluster2.atac.filter.cutsites.hg38.tagAlign.gz
CharacterizationMcGinnis_Dataset3	syn52291491	syn52339471	CharacterizationMcGinnis_Dataset3_cluster2.atac.filter.cutsites.hg38.tagAlign.gz.tbi
CharacterizationMcGinnis_Dataset3	syn52291491	syn52291663	CharacterizationMcGinnis_Dataset3_cluster3.atac.filter.cutsites.hg38.tagAlign.gz
CharacterizationMcGinnis_Dataset3	syn52291491	syn52339473	CharacterizationMcGinnis_Dataset3_cluster3.atac.filter.cutsites.hg38.tagAlign.gz.tbi
CharacterizationMcGinnis_Dataset3	syn52291491	syn52291687	CharacterizationMcGinnis_Dataset3_cluster4.atac.filter.cutsites.hg38.tagAlign.gz
CharacterizationMcGinnis_Dataset3	syn52291491	syn52339474	CharacterizationMcGinnis_Dataset3_cluster4.atac.filter.cutsites.hg38.tagAlign.gz.tbi
CharacterizationMcGinnis_Dataset3	syn52291491	syn52291696	CharacterizationMcGinnis_Dataset3_cluster5.atac.filter.cutsites.hg38.tagAlign.gz
CharacterizationMcGinnis_Dataset3	syn52291491	syn52339475	CharacterizationMcGinnis_Dataset3_cluster5.atac.filter.cutsites.hg38.tagAlign.gz.tbi
CharacterizationMcGinnis_Dataset3	syn52291491	syn52291713	CharacterizationMcGinnis_Dataset3_cluster6.atac.filter.cutsites.hg38.tagAlign.gz
CharacterizationMcGinnis_Dataset3	syn52291491	syn52339476	CharacterizationMcGinnis_Dataset3_cluster6.atac.filter.cutsites.hg38.tagAlign.gz.tbi
CharacterizationMcGinnis_Dataset3	syn52291491	syn52291721	CharacterizationMcGinnis_Dataset3_cluster7.atac.filter.cutsites.hg38.tagAlign.gz
CharacterizationMcGinnis_Dataset3	syn52291491	syn52339477	CharacterizationMcGinnis_Dataset3_cluster7.atac.filter.cutsites.hg38.tagAlign.gz.tbi
CharacterizationMcGinnis_Dataset3	syn52291491	syn52291728	CharacterizationMcGinnis_Dataset3_cluster8.atac.filter.cutsites.hg38.tagAlign.gz
CharacterizationMcGinnis_Dataset3	syn52291491	syn52339478	CharacterizationMcGinnis_Dataset3_cluster8.atac.filter.cutsites.hg38.tagAlign.gz.tbi
CharacterizationMcGinnis_Dataset3	syn52291491	syn52291736	CharacterizationMcGinnis_Dataset3_cluster9.atac.filter.cutsites.hg38.tagAlign.gz
CharacterizationMcGinnis_Dataset3	syn52291491	syn52339479	CharacterizationMcGinnis_Dataset3_cluster9.atac.filter.cutsites.hg38.tagAlign.gz.tbi
CharacterizationMcGinnis_Dataset4	syn52293693	syn52293730	CharacterizationMcGinnis_Dataset4.combinedFiltered.hg38.rna.h5
CharacterizationMcGinnis_Dataset4	syn52293693	syn52361774	CharacterizationMcGinnis_Dataset4_CPM.tsv
CharacterizationMcGinnis_Dataset4	syn52293693	syn52298036	CharacterizationMcGinnis_Dataset4_CellClusterAssignment.tsv
CharacterizationMcGinnis_Dataset4	syn52293693	syn52298037	CharacterizationMcGinnis_Dataset4_ClusterMetadata.tsv
CharacterizationMcGinnis_Dataset4	syn52293693	syn52294098	CharacterizationMcGinnis_Dataset4_cluster0.atac.filter.cutsites.hg38.tagAlign.gz
CharacterizationMcGinnis_Dataset4	syn52293693	syn52335691	CharacterizationMcGinnis_Dataset4_cluster0.atac.filter.cutsites.hg38.tagAlign.gz.tbi
CharacterizationMcGinnis_Dataset4	syn52293693	syn52294100	CharacterizationMcGinnis_Dataset4_cluster1.atac.filter.cutsites.hg38.tagAlign.gz
CharacterizationMcGinnis_Dataset4	syn52293693	syn52335692	CharacterizationMcGinnis_Dataset4_cluster1.atac.filter.cutsites.hg38.tagAlign.gz.tbi
CharacterizationMcGinnis_Dataset4	syn52293693	syn52294123	CharacterizationMcGinnis_Dataset4_cluster10.atac.filter.cutsites.hg38.tagAlign.gz
CharacterizationMcGinnis_Dataset4	syn52293693	syn52335701	CharacterizationMcGinnis_Dataset4_cluster10.atac.filter.cutsites.hg38.tagAlign.gz.tbi
CharacterizationMcGinnis_Dataset4	syn52293693	syn52294130	CharacterizationMcGinnis_Dataset4_cluster11.atac.filter.cutsites.hg38.tagAlign.gz
CharacterizationMcGinnis_Dataset4	syn52293693	syn52335702	CharacterizationMcGinnis_Dataset4_cluster11.atac.filter.cutsites.hg38.tagAlign.gz.tbi
CharacterizationMcGinnis_Dataset4	syn52293693	syn52294131	CharacterizationMcGinnis_Dataset4_cluster12.atac.filter.cutsites.hg38.tagAlign.gz
CharacterizationMcGinnis_Dataset4	syn52293693	syn52335703	CharacterizationMcGinnis_Dataset4_cluster12.atac.filter.cutsites.hg38.tagAlign.gz.tbi
CharacterizationMcGinnis_Dataset4	syn52293693	syn52294132	CharacterizationMcGinnis_Dataset4_cluster13.atac.filter.cutsites.hg38.tagAlign.gz
CharacterizationMcGinnis_Dataset4	syn52293693	syn52335704	CharacterizationMcGinnis_Dataset4_cluster13.atac.filter.cutsites.hg38.tagAlign.gz.tbi
CharacterizationMcGinnis_Dataset4	syn52293693	syn52294104	CharacterizationMcGinnis_Dataset4_cluster2.atac.filter.cutsites.hg38.tagAlign.gz
CharacterizationMcGinnis_Dataset4	syn52293693	syn52335693	CharacterizationMcGinnis_Dataset4_cluster2.atac.filter.cutsites.hg38.tagAlign.gz.tbi
CharacterizationMcGinnis_Dataset4	syn52293693	syn52294107	CharacterizationMcGinnis_Dataset4_cluster3.atac.filter.cutsites.hg38.tagAlign.gz
CharacterizationMcGinnis_Dataset4	syn52293693	syn52335694	CharacterizationMcGinnis_Dataset4_cluster3.atac.filter.cutsites.hg38.tagAlign.gz.tbi
CharacterizationMcGinnis_Dataset4	syn52293693	syn52294109	CharacterizationMcGinnis_Dataset4_cluster4.atac.filter.cutsites.hg38.tagAlign.gz
CharacterizationMcGinnis_Dataset4	syn52293693	syn52335695	CharacterizationMcGinnis_Dataset4_cluster4.atac.filter.cutsites.hg38.tagAlign.gz.tbi
CharacterizationMcGinnis_Dataset4	syn52293693	syn52294111	CharacterizationMcGinnis_Dataset4_cluster5.atac.filter.cutsites.hg38.tagAlign.gz
CharacterizationMcGinnis_Dataset4	syn52293693	syn52335696	CharacterizationMcGinnis_Dataset4_cluster5.atac.filter.cutsites.hg38.tagAlign.gz.tbi
CharacterizationMcGinnis_Dataset4	syn52293693	syn52294114	CharacterizationMcGinnis_Dataset4_cluster6.atac.filter.cutsites.hg38.tagAlign.gz
CharacterizationMcGinnis_Dataset4	syn52293693	syn52335697	CharacterizationMcGinnis_Dataset4_cluster6.atac.filter.cutsites.hg38.tagAlign.gz.tbi
CharacterizationMcGinnis_Dataset4	syn52293693	syn52294115	CharacterizationMcGinnis_Dataset4_cluster7.atac.filter.cutsites.hg38.tagAlign.gz
CharacterizationMcGinnis_Dataset4	syn52293693	syn52335698	CharacterizationMcGinnis_Dataset4_cluster7.atac.filter.cutsites.hg38.tagAlign.gz.tbi
CharacterizationMcGinnis_Dataset4	syn52293693	syn52294117	CharacterizationMcGinnis_Dataset4_cluster8.atac.filter.cutsites.hg38.tagAlign.gz
CharacterizationMcGinnis_Dataset4	syn52293693	syn52335699	CharacterizationMcGinnis_Dataset4_cluster8.atac.filter.cutsites.hg38.tagAlign.gz.tbi
CharacterizationMcGinnis_Dataset4	syn52293693	syn52294118	CharacterizationMcGinnis_Dataset4_cluster9.atac.filter.cutsites.hg38.tagAlign.gz
CharacterizationMcGinnis_Dataset4	syn52293693	syn52335700	CharacterizationMcGinnis_Dataset4_cluster9.atac.filter.cutsites.hg38.tagAlign.gz.tbi
CharacterizationMcGinnis_Dataset5	syn52293696	syn52297702	CharacterizationMcGinnis_Dataset5.combinedFiltered.hg38.rna.h5
CharacterizationMcGinnis_Dataset5	syn52293696	syn52361741	CharacterizationMcGinnis_Dataset5_CPM.tsv
CharacterizationMcGinnis_Dataset5	syn52293696	syn52298038	CharacterizationMcGinnis_Dataset5_CellClusterAssignment.tsv
CharacterizationMcGinnis_Dataset5	syn52293696	syn52298039	CharacterizationMcGinnis_Dataset5_ClusterMetadata.tsv
CharacterizationMcGinnis_Dataset5	syn52293696	syn52298050	CharacterizationMcGinnis_Dataset5_cluster0.atac.filter.cutsites.hg38.tagAlign.gz
CharacterizationMcGinnis_Dataset5	syn52293696	syn52339829	CharacterizationMcGinnis_Dataset5_cluster0.atac.filter.cutsites.hg38.tagAlign.gz.tbi
CharacterizationMcGinnis_Dataset5	syn52293696	syn52298058	CharacterizationMcGinnis_Dataset5_cluster1.atac.filter.cutsites.hg38.tagAlign.gz
CharacterizationMcGinnis_Dataset5	syn52293696	syn52339830	CharacterizationMcGinnis_Dataset5_cluster1.atac.filter.cutsites.hg38.tagAlign.gz.tbi
CharacterizationMcGinnis_Dataset5	syn52293696	syn52320791	CharacterizationMcGinnis_Dataset5_cluster10.atac.filter.cutsites.hg38.tagAlign.gz
CharacterizationMcGinnis_Dataset5	syn52293696	syn52339846	CharacterizationMcGinnis_Dataset5_cluster10.atac.filter.cutsites.hg38.tagAlign.gz.tbi
CharacterizationMcGinnis_Dataset5	syn52293696	syn52320793	CharacterizationMcGinnis_Dataset5_cluster11.atac.filter.cutsites.hg38.tagAlign.gz
CharacterizationMcGinnis_Dataset5	syn52293696	syn52339847	CharacterizationMcGinnis_Dataset5_cluster11.atac.filter.cutsites.hg38.tagAlign.gz.tbi
CharacterizationMcGinnis_Dataset5	syn52293696	syn52320801	CharacterizationMcGinnis_Dataset5_cluster12.atac.filter.cutsites.hg38.tagAlign.gz
CharacterizationMcGinnis_Dataset5	syn52293696	syn52339849	CharacterizationMcGinnis_Dataset5_cluster12.atac.filter.cutsites.hg38.tagAlign.gz.tbi
CharacterizationMcGinnis_Dataset5	syn52293696	syn52320802	CharacterizationMcGinnis_Dataset5_cluster13.atac.filter.cutsites.hg38.tagAlign.gz
CharacterizationMcGinnis_Dataset5	syn52293696	syn52339850	CharacterizationMcGinnis_Dataset5_cluster13.atac.filter.cutsites.hg38.tagAlign.gz.tbi
CharacterizationMcGinnis_Dataset5	syn52293696	syn52320809	CharacterizationMcGinnis_Dataset5_cluster14.atac.filter.cutsites.hg38.tagAlign.gz
CharacterizationMcGinnis_Dataset5	syn52293696	syn52339853	CharacterizationMcGinnis_Dataset5_cluster14.atac.filter.cutsites.hg38.tagAlign.gz.tbi
CharacterizationMcGinnis_Dataset5	syn52293696	syn52320814	CharacterizationMcGinnis_Dataset5_cluster15.atac.filter.cutsites.hg38.tagAlign.gz
CharacterizationMcGinnis_Dataset5	syn52293696	syn52339854	CharacterizationMcGinnis_Dataset5_cluster15.atac.filter.cutsites.hg38.tagAlign.gz.tbi
CharacterizationMcGinnis_Dataset5	syn52293696	syn52320825	CharacterizationMcGinnis_Dataset5_cluster16.atac.filter.cutsites.hg38.tagAlign.gz
CharacterizationMcGinnis_Dataset5	syn52293696	syn52339855	CharacterizationMcGinnis_Dataset5_cluster16.atac.filter.cutsites.hg38.tagAlign.gz.tbi
CharacterizationMcGinnis_Dataset5	syn52293696	syn52298060	CharacterizationMcGinnis_Dataset5_cluster2.atac.filter.cutsites.hg38.tagAlign.gz
CharacterizationMcGinnis_Dataset5	syn52293696	syn52339831	CharacterizationMcGinnis_Dataset5_cluster2.atac.filter.cutsites.hg38.tagAlign.gz.tbi
CharacterizationMcGinnis_Dataset5	syn52293696	syn52298148	CharacterizationMcGinnis_Dataset5_cluster3.atac.filter.cutsites.hg38.tagAlign.gz
CharacterizationMcGinnis_Dataset5	syn52293696	syn52339832	CharacterizationMcGinnis_Dataset5_cluster3.atac.filter.cutsites.hg38.tagAlign.gz.tbi
CharacterizationMcGinnis_Dataset5	syn52293696	syn52300530	CharacterizationMcGinnis_Dataset5_cluster4.atac.filter.cutsites.hg38.tagAlign.gz
CharacterizationMcGinnis_Dataset5	syn52293696	syn52339835	CharacterizationMcGinnis_Dataset5_cluster4.atac.filter.cutsites.hg38.tagAlign.gz.tbi
CharacterizationMcGinnis_Dataset5	syn52293696	syn52301340	CharacterizationMcGinnis_Dataset5_cluster5.atac.filter.cutsites.hg38.tagAlign.gz
CharacterizationMcGinnis_Dataset5	syn52293696	syn52339836	CharacterizationMcGinnis_Dataset5_cluster5.atac.filter.cutsites.hg38.tagAlign.gz.tbi
CharacterizationMcGinnis_Dataset5	syn52293696	syn52301860	CharacterizationMcGinnis_Dataset5_cluster6.atac.filter.cutsites.hg38.tagAlign.gz
CharacterizationMcGinnis_Dataset5	syn52293696	syn52339839	CharacterizationMcGinnis_Dataset5_cluster6.atac.filter.cutsites.hg38.tagAlign.gz.tbi
CharacterizationMcGinnis_Dataset5	syn52293696	syn52301923	CharacterizationMcGinnis_Dataset5_cluster7.atac.filter.cutsites.hg38.tagAlign.gz
CharacterizationMcGinnis_Dataset5	syn52293696	syn52339841	CharacterizationMcGinnis_Dataset5_cluster7.atac.filter.cutsites.hg38.tagAlign.gz.tbi
CharacterizationMcGinnis_Dataset5	syn52293696	syn52320781	CharacterizationMcGinnis_Dataset5_cluster8.atac.filter.cutsites.hg38.tagAlign.gz
CharacterizationMcGinnis_Dataset5	syn52293696	syn52339842	CharacterizationMcGinnis_Dataset5_cluster8.atac.filter.cutsites.hg38.tagAlign.gz.tbi
CharacterizationMcGinnis_Dataset5	syn52293696	syn52320786	CharacterizationMcGinnis_Dataset5_cluster9.atac.filter.cutsites.hg38.tagAlign.gz
CharacterizationMcGinnis_Dataset5	syn52293696	syn52339845	CharacterizationMcGinnis_Dataset5_cluster9.atac.filter.cutsites.hg38.tagAlign.gz.tbi
CharacterizationMcGinnis_Dataset6	syn52293698	syn52293810	CharacterizationMcGinnis_Dataset6.combinedFiltered.hg38.rna.h5
CharacterizationMcGinnis_Dataset6	syn52293698	syn52361745	CharacterizationMcGinnis_Dataset6_CPM.tsv
CharacterizationMcGinnis_Dataset6	syn52293698	syn52298040	CharacterizationMcGinnis_Dataset6_CellClusterAssignment.tsv
CharacterizationMcGinnis_Dataset6	syn52293698	syn52298041	CharacterizationMcGinnis_Dataset6_ClusterMetadata.tsv
CharacterizationMcGinnis_Dataset6	syn52293698	syn52320590	CharacterizationMcGinnis_Dataset6_cluster0.atac.filter.cutsites.hg38.tagAlign.gz
CharacterizationMcGinnis_Dataset6	syn52293698	syn52357226	CharacterizationMcGinnis_Dataset6_cluster0.atac.filter.cutsites.hg38.tagAlign.gz.tbi
CharacterizationMcGinnis_Dataset6	syn52293698	syn52319733	CharacterizationMcGinnis_Dataset6_cluster1.atac.filter.cutsites.hg38.tagAlign.gz
CharacterizationMcGinnis_Dataset6	syn52293698	syn52343421	CharacterizationMcGinnis_Dataset6_cluster1.atac.filter.cutsites.hg38.tagAlign.gz.tbi
CharacterizationMcGinnis_Dataset6	syn52293698	syn52319256	CharacterizationMcGinnis_Dataset6_cluster10.atac.filter.cutsites.hg38.tagAlign.gz
CharacterizationMcGinnis_Dataset6	syn52293698	syn52343430	CharacterizationMcGinnis_Dataset6_cluster10.atac.filter.cutsites.hg38.tagAlign.gz.tbi
CharacterizationMcGinnis_Dataset6	syn52293698	syn52319327	CharacterizationMcGinnis_Dataset6_cluster11.atac.filter.cutsites.hg38.tagAlign.gz
CharacterizationMcGinnis_Dataset6	syn52293698	syn52343431	CharacterizationMcGinnis_Dataset6_cluster11.atac.filter.cutsites.hg38.tagAlign.gz.tbi
CharacterizationMcGinnis_Dataset6	syn52293698	syn52319331	CharacterizationMcGinnis_Dataset6_cluster12.atac.filter.cutsites.hg38.tagAlign.gz
CharacterizationMcGinnis_Dataset6	syn52293698	syn52343432	CharacterizationMcGinnis_Dataset6_cluster12.atac.filter.cutsites.hg38.tagAlign.gz.tbi
CharacterizationMcGinnis_Dataset6	syn52293698	syn52319344	CharacterizationMcGinnis_Dataset6_cluster13.atac.filter.cutsites.hg38.tagAlign.gz
CharacterizationMcGinnis_Dataset6	syn52293698	syn52343433	CharacterizationMcGinnis_Dataset6_cluster13.atac.filter.cutsites.hg38.tagAlign.gz.tbi
CharacterizationMcGinnis_Dataset6	syn52293698	syn52319352	CharacterizationMcGinnis_Dataset6_cluster14.atac.filter.cutsites.hg38.tagAlign.gz
CharacterizationMcGinnis_Dataset6	syn52293698	syn52343434	CharacterizationMcGinnis_Dataset6_cluster14.atac.filter.cutsites.hg38.tagAlign.gz.tbi
CharacterizationMcGinnis_Dataset6	syn52293698	syn52319356	CharacterizationMcGinnis_Dataset6_cluster15.atac.filter.cutsites.hg38.tagAlign.gz
CharacterizationMcGinnis_Dataset6	syn52293698	syn52343435	CharacterizationMcGinnis_Dataset6_cluster15.atac.filter.cutsites.hg38.tagAlign.gz.tbi
CharacterizationMcGinnis_Dataset6	syn52293698	syn52319359	CharacterizationMcGinnis_Dataset6_cluster16.atac.filter.cutsites.hg38.tagAlign.gz
CharacterizationMcGinnis_Dataset6	syn52293698	syn52343436	CharacterizationMcGinnis_Dataset6_cluster16.atac.filter.cutsites.hg38.tagAlign.gz.tbi
CharacterizationMcGinnis_Dataset6	syn52293698	syn52319361	CharacterizationMcGinnis_Dataset6_cluster17.atac.filter.cutsites.hg38.tagAlign.gz
CharacterizationMcGinnis_Dataset6	syn52293698	syn52343439	CharacterizationMcGinnis_Dataset6_cluster17.atac.filter.cutsites.hg38.tagAlign.gz.tbi
CharacterizationMcGinnis_Dataset6	syn52293698	syn52319364	CharacterizationMcGinnis_Dataset6_cluster18.atac.filter.cutsites.hg38.tagAlign.gz
CharacterizationMcGinnis_Dataset6	syn52293698	syn52343440	CharacterizationMcGinnis_Dataset6_cluster18.atac.filter.cutsites.hg38.tagAlign.gz.tbi
CharacterizationMcGinnis_Dataset6	syn52293698	syn52319450	CharacterizationMcGinnis_Dataset6_cluster19.atac.filter.cutsites.hg38.tagAlign.gz
CharacterizationMcGinnis_Dataset6	syn52293698	syn52343441	CharacterizationMcGinnis_Dataset6_cluster19.atac.filter.cutsites.hg38.tagAlign.gz.tbi
CharacterizationMcGinnis_Dataset6	syn52293698	syn52319657	CharacterizationMcGinnis_Dataset6_cluster2.atac.filter.cutsites.hg38.tagAlign.gz
CharacterizationMcGinnis_Dataset6	syn52293698	syn52343422	CharacterizationMcGinnis_Dataset6_cluster2.atac.filter.cutsites.hg38.tagAlign.gz.tbi
CharacterizationMcGinnis_Dataset6	syn52293698	syn52319461	CharacterizationMcGinnis_Dataset6_cluster20.atac.filter.cutsites.hg38.tagAlign.gz
CharacterizationMcGinnis_Dataset6	syn52293698	syn52343442	CharacterizationMcGinnis_Dataset6_cluster20.atac.filter.cutsites.hg38.tagAlign.gz.tbi
CharacterizationMcGinnis_Dataset6	syn52293698	syn52319464	CharacterizationMcGinnis_Dataset6_cluster21.atac.filter.cutsites.hg38.tagAlign.gz
CharacterizationMcGinnis_Dataset6	syn52293698	syn52343443	CharacterizationMcGinnis_Dataset6_cluster21.atac.filter.cutsites.hg38.tagAlign.gz.tbi
CharacterizationMcGinnis_Dataset6	syn52293698	syn52319465	CharacterizationMcGinnis_Dataset6_cluster22.atac.filter.cutsites.hg38.tagAlign.gz
CharacterizationMcGinnis_Dataset6	syn52293698	syn52343444	CharacterizationMcGinnis_Dataset6_cluster22.atac.filter.cutsites.hg38.tagAlign.gz.tbi
CharacterizationMcGinnis_Dataset6	syn52293698	syn52319466	CharacterizationMcGinnis_Dataset6_cluster23.atac.filter.cutsites.hg38.tagAlign.gz
CharacterizationMcGinnis_Dataset6	syn52293698	syn52343445	CharacterizationMcGinnis_Dataset6_cluster23.atac.filter.cutsites.hg38.tagAlign.gz.tbi
CharacterizationMcGinnis_Dataset6	syn52293698	syn52319467	CharacterizationMcGinnis_Dataset6_cluster24.atac.filter.cutsites.hg38.tagAlign.gz
CharacterizationMcGinnis_Dataset6	syn52293698	syn52343446	CharacterizationMcGinnis_Dataset6_cluster24.atac.filter.cutsites.hg38.tagAlign.gz.tbi
CharacterizationMcGinnis_Dataset6	syn52293698	syn52319468	CharacterizationMcGinnis_Dataset6_cluster25.atac.filter.cutsites.hg38.tagAlign.gz
CharacterizationMcGinnis_Dataset6	syn52293698	syn52343447	CharacterizationMcGinnis_Dataset6_cluster25.atac.filter.cutsites.hg38.tagAlign.gz.tbi
CharacterizationMcGinnis_Dataset6	syn52293698	syn52319531	CharacterizationMcGinnis_Dataset6_cluster3.atac.filter.cutsites.hg38.tagAlign.gz
CharacterizationMcGinnis_Dataset6	syn52293698	syn52343423	CharacterizationMcGinnis_Dataset6_cluster3.atac.filter.cutsites.hg38.tagAlign.gz.tbi
CharacterizationMcGinnis_Dataset6	syn52293698	syn52319553	CharacterizationMcGinnis_Dataset6_cluster4.atac.filter.cutsites.hg38.tagAlign.gz
CharacterizationMcGinnis_Dataset6	syn52293698	syn52343424	CharacterizationMcGinnis_Dataset6_cluster4.atac.filter.cutsites.hg38.tagAlign.gz.tbi
CharacterizationMcGinnis_Dataset6	syn52293698	syn52319606	CharacterizationMcGinnis_Dataset6_cluster5.atac.filter.cutsites.hg38.tagAlign.gz
CharacterizationMcGinnis_Dataset6	syn52293698	syn52343425	CharacterizationMcGinnis_Dataset6_cluster5.atac.filter.cutsites.hg38.tagAlign.gz.tbi
CharacterizationMcGinnis_Dataset6	syn52293698	syn52318989	CharacterizationMcGinnis_Dataset6_cluster6.atac.filter.cutsites.hg38.tagAlign.gz
CharacterizationMcGinnis_Dataset6	syn52293698	syn52343426	CharacterizationMcGinnis_Dataset6_cluster6.atac.filter.cutsites.hg38.tagAlign.gz.tbi
CharacterizationMcGinnis_Dataset6	syn52293698	syn52319128	CharacterizationMcGinnis_Dataset6_cluster7.atac.filter.cutsites.hg38.tagAlign.gz
CharacterizationMcGinnis_Dataset6	syn52293698	syn52343427	CharacterizationMcGinnis_Dataset6_cluster7.atac.filter.cutsites.hg38.tagAlign.gz.tbi
CharacterizationMcGinnis_Dataset6	syn52293698	syn52319220	CharacterizationMcGinnis_Dataset6_cluster8.atac.filter.cutsites.hg38.tagAlign.gz
CharacterizationMcGinnis_Dataset6	syn52293698	syn52343428	CharacterizationMcGinnis_Dataset6_cluster8.atac.filter.cutsites.hg38.tagAlign.gz.tbi
CharacterizationMcGinnis_Dataset6	syn52293698	syn52319243	CharacterizationMcGinnis_Dataset6_cluster9.atac.filter.cutsites.hg38.tagAlign.gz
CharacterizationMcGinnis_Dataset6	syn52293698	syn52343429	CharacterizationMcGinnis_Dataset6_cluster9.atac.filter.cutsites.hg38.tagAlign.gz.tbi
CharacterizationMcGinnis_Dataset7_human	syn52293699	syn52293809	CharacterizationMcGinnis_Dataset7_human.combinedFiltered.hg38.rna.h5
CharacterizationMcGinnis_Dataset7_human	syn52293699	syn52361742	CharacterizationMcGinnis_Dataset7_human_CPM.tsv
CharacterizationMcGinnis_Dataset7_human	syn52293699	syn52298042	CharacterizationMcGinnis_Dataset7_human_CellClusterAssignment.tsv
CharacterizationMcGinnis_Dataset7_human	syn52293699	syn52298043	CharacterizationMcGinnis_Dataset7_human_ClusterMetadata.tsv
CharacterizationMcGinnis_Dataset7_human	syn52293699	syn52298062	CharacterizationMcGinnis_dataset7_human_cluster0.atac.filter.cutsites.hg38.tagAlign.gz
CharacterizationMcGinnis_Dataset7_human	syn52293699	syn52339544	CharacterizationMcGinnis_dataset7_human_cluster0.atac.filter.cutsites.hg38.tagAlign.gz.tbi
CharacterizationMcGinnis_Dataset7_human	syn52293699	syn52316242	CharacterizationMcGinnis_dataset7_human_cluster1.atac.filter.cutsites.hg38.tagAlign.gz
CharacterizationMcGinnis_Dataset7_human	syn52293699	syn52339546	CharacterizationMcGinnis_dataset7_human_cluster1.atac.filter.cutsites.hg38.tagAlign.gz.tbi
CharacterizationMcGinnis_Dataset7_human	syn52293699	syn52316529	CharacterizationMcGinnis_dataset7_human_cluster2.atac.filter.cutsites.hg38.tagAlign.gz
CharacterizationMcGinnis_Dataset7_human	syn52293699	syn52339547	CharacterizationMcGinnis_dataset7_human_cluster2.atac.filter.cutsites.hg38.tagAlign.gz.tbi
CharacterizationMcGinnis_Dataset7_human	syn52293699	syn52316661	CharacterizationMcGinnis_dataset7_human_cluster3.atac.filter.cutsites.hg38.tagAlign.gz
CharacterizationMcGinnis_Dataset7_human	syn52293699	syn52361247	CharacterizationMcGinnis_dataset7_human_cluster3.atac.filter.cutsites.hg38.tagAlign.gz.tbi
CharacterizationMcGinnis_Dataset7_human	syn52293699	syn52316708	CharacterizationMcGinnis_dataset7_human_cluster4.atac.filter.cutsites.hg38.tagAlign.gz
CharacterizationMcGinnis_Dataset7_human	syn52293699	syn52339548	CharacterizationMcGinnis_dataset7_human_cluster4.atac.filter.cutsites.hg38.tagAlign.gz.tbi
CharacterizationMcGinnis_Dataset7_human	syn52293699	syn52316730	CharacterizationMcGinnis_dataset7_human_cluster5.atac.filter.cutsites.hg38.tagAlign.gz
CharacterizationMcGinnis_Dataset7_human	syn52293699	syn52339550	CharacterizationMcGinnis_dataset7_human_cluster5.atac.filter.cutsites.hg38.tagAlign.gz.tbi
CharacterizationMcGinnis_Dataset7_mouse	syn52319219	syn52319593	CharacterizationMcGinnis_Dataset7_mouse.combinedFiltered.hg38.rna.h5
CharacterizationMcGinnis_Dataset7_mouse	syn52319219	syn52361744	CharacterizationMcGinnis_Dataset7_mouse_CPM.tsv
CharacterizationMcGinnis_Dataset7_mouse	syn52319219	syn52319571	CharacterizationMcGinnis_Dataset7_mouse_CellClusterAssignment.tsv
CharacterizationMcGinnis_Dataset7_mouse	syn52319219	syn52319572	CharacterizationMcGinnis_Dataset7_mouse_ClusterMetadata.tsv
CharacterizationMcGinnis_Dataset7_mouse	syn52319219	syn52319576	CharacterizationMcGinnis_Dataset7_mouse_cluster0.atac.filter.cutsites.mm39.tagAlign.gz
CharacterizationMcGinnis_Dataset7_mouse	syn52319219	syn52335733	CharacterizationMcGinnis_Dataset7_mouse_cluster0.atac.filter.cutsites.mm39.tagAlign.gz.tbi
CharacterizationMcGinnis_Dataset7_mouse	syn52319219	syn52319577	CharacterizationMcGinnis_Dataset7_mouse_cluster1.atac.filter.cutsites.mm39.tagAlign.gz
CharacterizationMcGinnis_Dataset7_mouse	syn52319219	syn52335734	CharacterizationMcGinnis_Dataset7_mouse_cluster1.atac.filter.cutsites.mm39.tagAlign.gz.tbi
CharacterizationMcGinnis_Dataset7_mouse	syn52319219	syn52319588	CharacterizationMcGinnis_Dataset7_mouse_cluster10.atac.filter.cutsites.mm39.tagAlign.gz
CharacterizationMcGinnis_Dataset7_mouse	syn52319219	syn52335744	CharacterizationMcGinnis_Dataset7_mouse_cluster10.atac.filter.cutsites.mm39.tagAlign.gz.tbi
CharacterizationMcGinnis_Dataset7_mouse	syn52319219	syn52319589	CharacterizationMcGinnis_Dataset7_mouse_cluster11.atac.filter.cutsites.mm39.tagAlign.gz
CharacterizationMcGinnis_Dataset7_mouse	syn52319219	syn52335745	CharacterizationMcGinnis_Dataset7_mouse_cluster11.atac.filter.cutsites.mm39.tagAlign.gz.tbi
CharacterizationMcGinnis_Dataset7_mouse	syn52319219	syn52319591	CharacterizationMcGinnis_Dataset7_mouse_cluster12.atac.filter.cutsites.mm39.tagAlign.gz
CharacterizationMcGinnis_Dataset7_mouse	syn52319219	syn52335746	CharacterizationMcGinnis_Dataset7_mouse_cluster12.atac.filter.cutsites.mm39.tagAlign.gz.tbi
CharacterizationMcGinnis_Dataset7_mouse	syn52319219	syn52319580	CharacterizationMcGinnis_Dataset7_mouse_cluster2.atac.filter.cutsites.mm39.tagAlign.gz
CharacterizationMcGinnis_Dataset7_mouse	syn52319219	syn52335735	CharacterizationMcGinnis_Dataset7_mouse_cluster2.atac.filter.cutsites.mm39.tagAlign.gz.tbi
CharacterizationMcGinnis_Dataset7_mouse	syn52319219	syn52319581	CharacterizationMcGinnis_Dataset7_mouse_cluster3.atac.filter.cutsites.mm39.tagAlign.gz
CharacterizationMcGinnis_Dataset7_mouse	syn52319219	syn52335736	CharacterizationMcGinnis_Dataset7_mouse_cluster3.atac.filter.cutsites.mm39.tagAlign.gz.tbi
CharacterizationMcGinnis_Dataset7_mouse	syn52319219	syn52319582	CharacterizationMcGinnis_Dataset7_mouse_cluster4.atac.filter.cutsites.mm39.tagAlign.gz
CharacterizationMcGinnis_Dataset7_mouse	syn52319219	syn52335738	CharacterizationMcGinnis_Dataset7_mouse_cluster4.atac.filter.cutsites.mm39.tagAlign.gz.tbi
CharacterizationMcGinnis_Dataset7_mouse	syn52319219	syn52319583	CharacterizationMcGinnis_Dataset7_mouse_cluster5.atac.filter.cutsites.mm39.tagAlign.gz
CharacterizationMcGinnis_Dataset7_mouse	syn52319219	syn52335739	CharacterizationMcGinnis_Dataset7_mouse_cluster5.atac.filter.cutsites.mm39.tagAlign.gz.tbi
CharacterizationMcGinnis_Dataset7_mouse	syn52319219	syn52319584	CharacterizationMcGinnis_Dataset7_mouse_cluster6.atac.filter.cutsites.mm39.tagAlign.gz
CharacterizationMcGinnis_Dataset7_mouse	syn52319219	syn52335740	CharacterizationMcGinnis_Dataset7_mouse_cluster6.atac.filter.cutsites.mm39.tagAlign.gz.tbi
CharacterizationMcGinnis_Dataset7_mouse	syn52319219	syn52319585	CharacterizationMcGinnis_Dataset7_mouse_cluster7.atac.filter.cutsites.mm39.tagAlign.gz
CharacterizationMcGinnis_Dataset7_mouse	syn52319219	syn52335741	CharacterizationMcGinnis_Dataset7_mouse_cluster7.atac.filter.cutsites.mm39.tagAlign.gz.tbi
CharacterizationMcGinnis_Dataset7_mouse	syn52319219	syn52319586	CharacterizationMcGinnis_Dataset7_mouse_cluster8.atac.filter.cutsites.mm39.tagAlign.gz
CharacterizationMcGinnis_Dataset7_mouse	syn52319219	syn52335742	CharacterizationMcGinnis_Dataset7_mouse_cluster8.atac.filter.cutsites.mm39.tagAlign.gz.tbi
CharacterizationMcGinnis_Dataset7_mouse	syn52319219	syn52319587	CharacterizationMcGinnis_Dataset7_mouse_cluster9.atac.filter.cutsites.mm39.tagAlign.gz
CharacterizationMcGinnis_Dataset7_mouse	syn52319219	syn52335743	CharacterizationMcGinnis_Dataset7_mouse_cluster9.atac.filter.cutsites.mm39.tagAlign.gz.tbi
CharacterizationMcGinnis_Dataset9	syn52293703	syn52293814	CharacterizationMcGinnis_Dataset9.combinedFiltered.hg38.rna.h5
CharacterizationMcGinnis_Dataset9	syn52293703	syn52361746	CharacterizationMcGinnis_Dataset9_CPM.tsv
CharacterizationMcGinnis_Dataset9	syn52293703	syn52298046	CharacterizationMcGinnis_Dataset9_CellClusterAssignment.tsv
CharacterizationMcGinnis_Dataset9	syn52293703	syn52298047	CharacterizationMcGinnis_Dataset9_ClusterMetadata.tsv
CharacterizationMcGinnis_Dataset9	syn52293703	syn52328473	CharacterizationMcGinnis_Dataset9_cluster0.atac.filter.cutsites.hg38.tagAlign.gz
CharacterizationMcGinnis_Dataset9	syn52293703	syn52341262	CharacterizationMcGinnis_Dataset9_cluster0.atac.filter.cutsites.hg38.tagAlign.gz.tbi
CharacterizationMcGinnis_Dataset9	syn52293703	syn52297425	CharacterizationMcGinnis_Dataset9_cluster1.atac.filter.cutsites.hg38.tagAlign.gz
CharacterizationMcGinnis_Dataset9	syn52293703	syn52341263	CharacterizationMcGinnis_Dataset9_cluster1.atac.filter.cutsites.hg38.tagAlign.gz.tbi
CharacterizationMcGinnis_Dataset9	syn52293703	syn52326949	CharacterizationMcGinnis_Dataset9_cluster10.atac.filter.cutsites.hg38.tagAlign.gz
CharacterizationMcGinnis_Dataset9	syn52293703	syn52341278	CharacterizationMcGinnis_Dataset9_cluster10.atac.filter.cutsites.hg38.tagAlign.gz.tbi
CharacterizationMcGinnis_Dataset9	syn52293703	syn52327039	CharacterizationMcGinnis_Dataset9_cluster11.atac.filter.cutsites.hg38.tagAlign.gz
CharacterizationMcGinnis_Dataset9	syn52293703	syn52341281	CharacterizationMcGinnis_Dataset9_cluster11.atac.filter.cutsites.hg38.tagAlign.gz.tbi
CharacterizationMcGinnis_Dataset9	syn52293703	syn52327155	CharacterizationMcGinnis_Dataset9_cluster12.atac.filter.cutsites.hg38.tagAlign.gz
CharacterizationMcGinnis_Dataset9	syn52293703	syn52341285	CharacterizationMcGinnis_Dataset9_cluster12.atac.filter.cutsites.hg38.tagAlign.gz.tbi
CharacterizationMcGinnis_Dataset9	syn52293703	syn52327180	CharacterizationMcGinnis_Dataset9_cluster13.atac.filter.cutsites.hg38.tagAlign.gz
CharacterizationMcGinnis_Dataset9	syn52293703	syn52341286	CharacterizationMcGinnis_Dataset9_cluster13.atac.filter.cutsites.hg38.tagAlign.gz.tbi
CharacterizationMcGinnis_Dataset9	syn52293703	syn52297446	CharacterizationMcGinnis_Dataset9_cluster2.atac.filter.cutsites.hg38.tagAlign.gz
CharacterizationMcGinnis_Dataset9	syn52293703	syn52341265	CharacterizationMcGinnis_Dataset9_cluster2.atac.filter.cutsites.hg38.tagAlign.gz.tbi
CharacterizationMcGinnis_Dataset9	syn52293703	syn52297465	CharacterizationMcGinnis_Dataset9_cluster3.atac.filter.cutsites.hg38.tagAlign.gz
CharacterizationMcGinnis_Dataset9	syn52293703	syn52341266	CharacterizationMcGinnis_Dataset9_cluster3.atac.filter.cutsites.hg38.tagAlign.gz.tbi
CharacterizationMcGinnis_Dataset9	syn52293703	syn52297545	CharacterizationMcGinnis_Dataset9_cluster4.atac.filter.cutsites.hg38.tagAlign.gz
CharacterizationMcGinnis_Dataset9	syn52293703	syn52341267	CharacterizationMcGinnis_Dataset9_cluster4.atac.filter.cutsites.hg38.tagAlign.gz.tbi
CharacterizationMcGinnis_Dataset9	syn52293703	syn52297565	CharacterizationMcGinnis_Dataset9_cluster5.atac.filter.cutsites.hg38.tagAlign.gz
CharacterizationMcGinnis_Dataset9	syn52293703	syn52341270	CharacterizationMcGinnis_Dataset9_cluster5.atac.filter.cutsites.hg38.tagAlign.gz.tbi
CharacterizationMcGinnis_Dataset9	syn52293703	syn52297570	CharacterizationMcGinnis_Dataset9_cluster6.atac.filter.cutsites.hg38.tagAlign.gz
CharacterizationMcGinnis_Dataset9	syn52293703	syn52341271	CharacterizationMcGinnis_Dataset9_cluster6.atac.filter.cutsites.hg38.tagAlign.gz.tbi
CharacterizationMcGinnis_Dataset9	syn52293703	syn52297576	CharacterizationMcGinnis_Dataset9_cluster7.atac.filter.cutsites.hg38.tagAlign.gz
CharacterizationMcGinnis_Dataset9	syn52293703	syn52341274	CharacterizationMcGinnis_Dataset9_cluster7.atac.filter.cutsites.hg38.tagAlign.gz.tbi
CharacterizationMcGinnis_Dataset9	syn52293703	syn52297578	CharacterizationMcGinnis_Dataset9_cluster8.atac.filter.cutsites.hg38.tagAlign.gz
CharacterizationMcGinnis_Dataset9	syn52293703	syn52341276	CharacterizationMcGinnis_Dataset9_cluster8.atac.filter.cutsites.hg38.tagAlign.gz.tbi
CharacterizationMcGinnis_Dataset9	syn52293703	syn52326821	CharacterizationMcGinnis_Dataset9_cluster9.atac.filter.cutsites.hg38.tagAlign.gz
CharacterizationMcGinnis_Dataset9	syn52293703	syn52341277	CharacterizationMcGinnis_Dataset9_cluster9.atac.filter.cutsites.hg38.tagAlign.gz.tbi
ENCODE_GM12878_10X_scATACseq	syn52270999	syn52271002	ENCODEGM12878_Cluster0.sorted.tagAlign.gz
ENCODE_GM12878_10X_scATACseq	syn52270999	syn52271005	ENCODEGM12878_Cluster0.sorted.tagAlign.gz.tbi
ENCODE_GM12878_10X_scATACseq	syn52270999	syn52271000	ENCODEGM12878_ClusterMetadata.tsv
ENCODE_K562_10X_scATACseq	syn52270987	syn52270988	ENCODEK562_ClusterMetadata.tsv
ENCODE_K562_10X_scATACseq	syn52270987	syn52270990	tagAlign_ENCODEK562_lymphoblast.sorted.tagAlign.gz
ENCODE_K562_10X_scATACseq	syn52270987	syn52270991	tagAlign_ENCODEK562_lymphoblast.sorted.tagAlign.gz.tbi
ENCSR023FME	syn52185809	syn52343887	ENCSR023FME_CellClusterAssignment.tsv
ENCSR023FME	syn52185809	syn52187744	ENCSR023FME_ClusterMetadata.tsv
ENCSR023FME	syn52185809	syn52249919	tagAlign_ENCSR023FME_Basal_epithelial_cell.sorted.tagAlign.gz
ENCSR023FME	syn52185809	syn52249920	tagAlign_ENCSR023FME_Basal_epithelial_cell.sorted.tagAlign.gz.tbi
ENCSR023FME	syn52185809	syn52249922	tagAlign_ENCSR023FME_Endothelial_cell.sorted.tagAlign.gz
ENCSR023FME	syn52185809	syn52249923	tagAlign_ENCSR023FME_Endothelial_cell.sorted.tagAlign.gz.tbi
ENCSR023FME	syn52185809	syn52249917	tagAlign_ENCSR023FME_Fibroblast.sorted.tagAlign.gz
ENCSR023FME	syn52185809	syn52249912	tagAlign_ENCSR023FME_Fibroblast.sorted.tagAlign.gz.tbi
ENCSR023FME	syn52185809	syn52249910	tagAlign_ENCSR023FME_Type_I_skeletal_myocyte.sorted.tagAlign.gz
ENCSR023FME	syn52185809	syn52249904	tagAlign_ENCSR023FME_Type_I_skeletal_myocyte.sorted.tagAlign.gz.tbi
ENCSR023FME	syn52185809	syn52188865	tagAlign_ENCSR023FME_Basal_epithelial_cell.tsv
ENCSR023FME	syn52185809	syn52188897	tagAlign_ENCSR023FME_Endothelial_cell.tsv
ENCSR023FME	syn52185809	syn52188518	tagAlign_ENCSR023FME_Fibroblast.tsv
ENCSR023FME	syn52185809	syn52188510	tagAlign_ENCSR023FME_Type_I_skeletal_myocyte.tsv
ENCSR052DKH	syn52185794	syn52343863	ENCSR052DKH_CellClusterAssignment.tsv
ENCSR052DKH	syn52185794	syn52186056	ENCSR052DKH_ClusterMetadata.tsv
ENCSR052DKH	syn52185794	syn52237061	tagAlign_ENCSR052DKH_Macrophage.sorted.tagAlign.gz
ENCSR052DKH	syn52185794	syn52237062	tagAlign_ENCSR052DKH_Macrophage.sorted.tagAlign.gz.tbi
ENCSR052DKH	syn52185794	syn52237050	tagAlign_ENCSR052DKH_T_lymphocyte.sorted.tagAlign.gz
ENCSR052DKH	syn52185794	syn52237051	tagAlign_ENCSR052DKH_T_lymphocyte.sorted.tagAlign.gz.tbi
ENCSR052DKH	syn52185794	syn52237042	tagAlign_ENCSR052DKH_Tuft_cell.sorted.tagAlign.gz
ENCSR052DKH	syn52185794	syn52237016	tagAlign_ENCSR052DKH_Tuft_cell.sorted.tagAlign.gz.tbi
ENCSR052DKH	syn52185794	syn52237058	tagAlign_ENCSR052DKH_Vascular_smooth_muscle_cell.sorted.tagAlign.gz
ENCSR052DKH	syn52185794	syn52237059	tagAlign_ENCSR052DKH_Vascular_smooth_muscle_cell.sorted.tagAlign.gz.tbi
ENCSR052DKH	syn52185794	syn52186070	tagAlign_ENCSR052DKH_Macrophage.tsv
ENCSR052DKH	syn52185794	syn52187558	tagAlign_ENCSR052DKH_T_lymphocyte.tsv
ENCSR052DKH	syn52185794	syn52186029	tagAlign_ENCSR052DKH_Tuft_cell.tsv
ENCSR052DKH	syn52185794	syn52187733	tagAlign_ENCSR052DKH_Vascular_smooth_muscle_cell.tsv
ENCSR181XXQ	syn52185804	syn52343882	ENCSR181XXQ_CellClusterAssignment.tsv
ENCSR181XXQ	syn52185804	syn52187486	ENCSR181XXQ_ClusterMetadata.tsv
ENCSR181XXQ	syn52185804	syn52249767	tagAlign_ENCSR181XXQ_Adipocyte.sorted.tagAlign.gz
ENCSR181XXQ	syn52185804	syn52249766	tagAlign_ENCSR181XXQ_Adipocyte.sorted.tagAlign.gz.tbi
ENCSR181XXQ	syn52185804	syn52249779	tagAlign_ENCSR181XXQ_Endothelial_cell.sorted.tagAlign.gz
ENCSR181XXQ	syn52185804	syn52249776	tagAlign_ENCSR181XXQ_Endothelial_cell.sorted.tagAlign.gz.tbi
ENCSR181XXQ	syn52185804	syn52249774	tagAlign_ENCSR181XXQ_Mesothelial_cell.sorted.tagAlign.gz
ENCSR181XXQ	syn52185804	syn52249773	tagAlign_ENCSR181XXQ_Mesothelial_cell.sorted.tagAlign.gz.tbi
ENCSR181XXQ	syn52185804	syn52249770	tagAlign_ENCSR181XXQ_Vascular_smooth_muscle_cell.sorted.tagAlign.gz
ENCSR181XXQ	syn52185804	syn52249771	tagAlign_ENCSR181XXQ_Vascular_smooth_muscle_cell.sorted.tagAlign.gz.tbi
ENCSR181XXQ	syn52185804	syn52187471	tagAlign_ENCSR181XXQ_Adipocyte.tsv
ENCSR181XXQ	syn52185804	syn52187485	tagAlign_ENCSR181XXQ_Endothelial_cell.tsv
ENCSR181XXQ	syn52185804	syn52187496	tagAlign_ENCSR181XXQ_Mesothelial_cell.tsv
ENCSR181XXQ	syn52185804	syn52187479	tagAlign_ENCSR181XXQ_Vascular_smooth_muscle_cell.tsv
ENCSR205TUH	syn52185797	syn52343870	ENCSR205TUH_CellClusterAssignment.tsv
ENCSR205TUH	syn52185797	syn52186259	ENCSR205TUH_ClusterMetadata.tsv
ENCSR205TUH	syn52185797	syn52249553	tagAlign_ENCSR205TUH_Schwann_cell.sorted.tagAlign.gz
ENCSR205TUH	syn52185797	syn52249554	tagAlign_ENCSR205TUH_Schwann_cell.sorted.tagAlign.gz.tbi
ENCSR205TUH	syn52185797	syn52249557	tagAlign_ENCSR205TUH_Vascular_smooth_muscle_cell.sorted.tagAlign.gz
ENCSR205TUH	syn52185797	syn52249558	tagAlign_ENCSR205TUH_Vascular_smooth_muscle_cell.sorted.tagAlign.gz.tbi
ENCSR205TUH	syn52185797	syn52186309	tagAlign_ENCSR205TUH_Schwann_cell.tsv
ENCSR205TUH	syn52185797	syn52186305	tagAlign_ENCSR205TUH_Vascular_smooth_muscle_cell.tsv
ENCSR261TQO	syn52185803	syn52343881	ENCSR261TQO_CellClusterAssignment.tsv
ENCSR261TQO	syn52185803	syn52187455	ENCSR261TQO_ClusterMetadata.tsv
ENCSR261TQO	syn52185803	syn52249753	tagAlign_ENCSR261TQO_Acinar_cell.sorted.tagAlign.gz
ENCSR261TQO	syn52185803	syn52249754	tagAlign_ENCSR261TQO_Acinar_cell.sorted.tagAlign.gz.tbi
ENCSR261TQO	syn52185803	syn52249740	tagAlign_ENCSR261TQO_Ductal_cell.sorted.tagAlign.gz
ENCSR261TQO	syn52185803	syn52249739	tagAlign_ENCSR261TQO_Ductal_cell.sorted.tagAlign.gz.tbi
ENCSR261TQO	syn52185803	syn52249743	tagAlign_ENCSR261TQO_Endothelial_cell.sorted.tagAlign.gz
ENCSR261TQO	syn52185803	syn52249742	tagAlign_ENCSR261TQO_Endothelial_cell.sorted.tagAlign.gz.tbi
ENCSR261TQO	syn52185803	syn52249763	tagAlign_ENCSR261TQO_Enteroendocrine_cell.sorted.tagAlign.gz
ENCSR261TQO	syn52185803	syn52249764	tagAlign_ENCSR261TQO_Enteroendocrine_cell.sorted.tagAlign.gz.tbi
ENCSR261TQO	syn52185803	syn52249761	tagAlign_ENCSR261TQO_Macrophage.sorted.tagAlign.gz
ENCSR261TQO	syn52185803	syn52249760	tagAlign_ENCSR261TQO_Macrophage.sorted.tagAlign.gz.tbi
ENCSR261TQO	syn52185803	syn52249757	tagAlign_ENCSR261TQO_T_lymphocyte.sorted.tagAlign.gz
ENCSR261TQO	syn52185803	syn52249756	tagAlign_ENCSR261TQO_T_lymphocyte.sorted.tagAlign.gz.tbi
ENCSR261TQO	syn52185803	syn52187454	tagAlign_ENCSR261TQO_Acinar_cell.tsv
ENCSR261TQO	syn52185803	syn52187345	tagAlign_ENCSR261TQO_Ductal_cell.tsv
ENCSR261TQO	syn52185803	syn52187311	tagAlign_ENCSR261TQO_Endothelial_cell.tsv
ENCSR261TQO	syn52185803	syn52187324	tagAlign_ENCSR261TQO_Enteroendocrine_cell.tsv
ENCSR261TQO	syn52185803	syn52187358	tagAlign_ENCSR261TQO_Macrophage.tsv
ENCSR261TQO	syn52185803	syn52187350	tagAlign_ENCSR261TQO_T_lymphocyte.tsv
ENCSR302CMX	syn52185807	syn52343885	ENCSR302CMX_CellClusterAssignment.tsv
ENCSR302CMX	syn52185807	syn52188606	ENCSR302CMX_ClusterMetadata.tsv
ENCSR302CMX	syn52185807	syn52249881	tagAlign_ENCSR302CMX_Endothelial_cell.sorted.tagAlign.gz
ENCSR302CMX	syn52185807	syn52249884	tagAlign_ENCSR302CMX_Endothelial_cell.sorted.tagAlign.gz.tbi
ENCSR302CMX	syn52185807	syn52249879	tagAlign_ENCSR302CMX_Fibroblast.sorted.tagAlign.gz
ENCSR302CMX	syn52185807	syn52249876	tagAlign_ENCSR302CMX_Fibroblast.sorted.tagAlign.gz.tbi
ENCSR302CMX	syn52185807	syn52249887	tagAlign_ENCSR302CMX_Smooth_muscle_cell.sorted.tagAlign.gz
ENCSR302CMX	syn52185807	syn52249886	tagAlign_ENCSR302CMX_Smooth_muscle_cell.sorted.tagAlign.gz.tbi
ENCSR302CMX	syn52185807	syn52249892	tagAlign_ENCSR302CMX_Vascular_smooth_muscle_cell.sorted.tagAlign.gz
ENCSR302CMX	syn52185807	syn52249893	tagAlign_ENCSR302CMX_Vascular_smooth_muscle_cell.sorted.tagAlign.gz.tbi
ENCSR302CMX	syn52185807	syn52188616	tagAlign_ENCSR302CMX_Endothelial_cell.tsv
ENCSR302CMX	syn52185807	syn52188032	tagAlign_ENCSR302CMX_Fibroblast.tsv
ENCSR302CMX	syn52185807	syn52188605	tagAlign_ENCSR302CMX_Smooth_muscle_cell.tsv
ENCSR302CMX	syn52185807	syn52188584	tagAlign_ENCSR302CMX_Vascular_smooth_muscle_cell.tsv
ENCSR367GKP	syn52185796	syn52343869	ENCSR367GKP_CellClusterAssignment.tsv
ENCSR367GKP	syn52185796	syn52186112	ENCSR367GKP_ClusterMetadata.tsv
ENCSR367GKP	syn52185796	syn52249519	tagAlign_ENCSR367GKP_Fibroblast.sorted.tagAlign.gz
ENCSR367GKP	syn52185796	syn52249520	tagAlign_ENCSR367GKP_Fibroblast.sorted.tagAlign.gz.tbi
ENCSR367GKP	syn52185796	syn52249551	tagAlign_ENCSR367GKP_Macrophage.sorted.tagAlign.gz
ENCSR367GKP	syn52185796	syn52249550	tagAlign_ENCSR367GKP_Macrophage.sorted.tagAlign.gz.tbi
ENCSR367GKP	syn52185796	syn52249529	tagAlign_ENCSR367GKP_Schwann_cell.sorted.tagAlign.gz
ENCSR367GKP	syn52185796	syn52249530	tagAlign_ENCSR367GKP_Schwann_cell.sorted.tagAlign.gz.tbi
ENCSR367GKP	syn52185796	syn52249523	tagAlign_ENCSR367GKP_Smooth_muscle_cell.sorted.tagAlign.gz
ENCSR367GKP	syn52185796	syn52249522	tagAlign_ENCSR367GKP_Smooth_muscle_cell.sorted.tagAlign.gz.tbi
ENCSR367GKP	syn52185796	syn52249547	tagAlign_ENCSR367GKP_Vascular_smooth_muscle_cell.sorted.tagAlign.gz
ENCSR367GKP	syn52185796	syn52249548	tagAlign_ENCSR367GKP_Vascular_smooth_muscle_cell.sorted.tagAlign.gz.tbi
ENCSR367GKP	syn52185796	syn52186106	tagAlign_ENCSR367GKP_Fibroblast.tsv
ENCSR367GKP	syn52185796	syn52186256	tagAlign_ENCSR367GKP_Macrophage.tsv
ENCSR367GKP	syn52185796	syn52186111	tagAlign_ENCSR367GKP_Schwann_cell.tsv
ENCSR367GKP	syn52185796	syn52186149	tagAlign_ENCSR367GKP_Smooth_muscle_cell.tsv
ENCSR367GKP	syn52185796	syn52186241	tagAlign_ENCSR367GKP_Vascular_smooth_muscle_cell.tsv
ENCSR397LYX	syn52185795	syn52343865	ENCSR397LYX_CellClusterAssignment.tsv
ENCSR397LYX	syn52185795	syn52186079	ENCSR397LYX_ClusterMetadata.tsv
ENCSR397LYX	syn52185795	syn52248907	tagAlign_ENCSR397LYX_Basal_epithelial_cell.sorted.tagAlign.gz
ENCSR397LYX	syn52185795	syn52248908	tagAlign_ENCSR397LYX_Basal_epithelial_cell.sorted.tagAlign.gz.tbi
ENCSR397LYX	syn52185795	syn52248904	tagAlign_ENCSR397LYX_Endothelial_cell.sorted.tagAlign.gz
ENCSR397LYX	syn52185795	syn52248903	tagAlign_ENCSR397LYX_Endothelial_cell.sorted.tagAlign.gz.tbi
ENCSR397LYX	syn52185795	syn52248911	tagAlign_ENCSR397LYX_Vascular_smooth_muscle_cell.sorted.tagAlign.gz
ENCSR397LYX	syn52185795	syn52248912	tagAlign_ENCSR397LYX_Vascular_smooth_muscle_cell.sorted.tagAlign.gz.tbi
ENCSR397LYX	syn52185795	syn52186083	tagAlign_ENCSR397LYX_Basal_epithelial_cell.tsv
ENCSR397LYX	syn52185795	syn52186078	tagAlign_ENCSR397LYX_Endothelial_cell.tsv
ENCSR397LYX	syn52185795	syn52186076	tagAlign_ENCSR397LYX_Vascular_smooth_muscle_cell.tsv
ENCSR411MLR	syn52185800	syn52343877	ENCSR411MLR_CellClusterAssignment.tsv
ENCSR411MLR	syn52185800	syn52186736	ENCSR411MLR_ClusterMetadata.tsv
ENCSR411MLR	syn52185800	syn52249630	tagAlign_ENCSR411MLR_Endothelial_cell.sorted.tagAlign.gz
ENCSR411MLR	syn52185800	syn52249631	tagAlign_ENCSR411MLR_Endothelial_cell.sorted.tagAlign.gz.tbi
ENCSR411MLR	syn52185800	syn52249634	tagAlign_ENCSR411MLR_Macrophage.sorted.tagAlign.gz
ENCSR411MLR	syn52185800	syn52249633	tagAlign_ENCSR411MLR_Macrophage.sorted.tagAlign.gz.tbi
ENCSR411MLR	syn52185800	syn52249624	tagAlign_ENCSR411MLR_T_lymphocyte.sorted.tagAlign.gz
ENCSR411MLR	syn52185800	syn52249625	tagAlign_ENCSR411MLR_T_lymphocyte.sorted.tagAlign.gz.tbi
ENCSR411MLR	syn52185800	syn52249627	tagAlign_ENCSR411MLR_Vascular_smooth_muscle_cell.1.sorted.tagAlign.gz
ENCSR411MLR	syn52185800	syn52249628	tagAlign_ENCSR411MLR_Vascular_smooth_muscle_cell.1.sorted.tagAlign.gz.tbi
ENCSR411MLR	syn52185800	syn52249669	tagAlign_ENCSR411MLR_Vascular_smooth_muscle_cell.2.sorted.tagAlign.gz
ENCSR411MLR	syn52185800	syn52249670	tagAlign_ENCSR411MLR_Vascular_smooth_muscle_cell.2.sorted.tagAlign.gz.tbi
ENCSR411MLR	syn52185800	syn52186779	tagAlign_ENCSR411MLR_Endothelial_cell.tsv
ENCSR411MLR	syn52185800	syn52186776	tagAlign_ENCSR411MLR_Macrophage.tsv
ENCSR411MLR	syn52185800	syn52186777	tagAlign_ENCSR411MLR_T_lymphocyte.tsv
ENCSR411MLR	syn52185800	syn52186778	tagAlign_ENCSR411MLR_Vascular_smooth_muscle_cell.1.tsv
ENCSR411MLR	syn52185800	syn52187034	tagAlign_ENCSR411MLR_Vascular_smooth_muscle_cell.2.tsv
ENCSR453TVZ	syn52185805	syn52343883	ENCSR453TVZ_CellClusterAssignment.tsv
ENCSR453TVZ	syn52185805	syn52188366	ENCSR453TVZ_ClusterMetadata.tsv
ENCSR453TVZ	syn52185805	syn52249841	tagAlign_ENCSR453TVZ_Basal_epithelial_cell.1.sorted.tagAlign.gz
ENCSR453TVZ	syn52185805	syn52249840	tagAlign_ENCSR453TVZ_Basal_epithelial_cell.1.sorted.tagAlign.gz.tbi
ENCSR453TVZ	syn52185805	syn52249828	tagAlign_ENCSR453TVZ_Basal_epithelial_cell.2.sorted.tagAlign.gz
ENCSR453TVZ	syn52185805	syn52249805	tagAlign_ENCSR453TVZ_Basal_epithelial_cell.2.sorted.tagAlign.gz.tbi
ENCSR453TVZ	syn52185805	syn52249803	tagAlign_ENCSR453TVZ_Basal_epithelial_cell.3.sorted.tagAlign.gz
ENCSR453TVZ	syn52185805	syn52249799	tagAlign_ENCSR453TVZ_Basal_epithelial_cell.3.sorted.tagAlign.gz.tbi
ENCSR453TVZ	syn52185805	syn52249795	tagAlign_ENCSR453TVZ_T_lymphocyte.sorted.tagAlign.gz
ENCSR453TVZ	syn52185805	syn52249797	tagAlign_ENCSR453TVZ_T_lymphocyte.sorted.tagAlign.gz.tbi
ENCSR453TVZ	syn52185805	syn52187519	tagAlign_ENCSR453TVZ_Basal_epithelial_cell.1.tsv
ENCSR453TVZ	syn52185805	syn52187556	tagAlign_ENCSR453TVZ_Basal_epithelial_cell.2.tsv
ENCSR453TVZ	syn52185805	syn52187741	tagAlign_ENCSR453TVZ_Basal_epithelial_cell.3.tsv
ENCSR453TVZ	syn52185805	syn52188365	tagAlign_ENCSR453TVZ_T_lymphocyte.tsv
ENCSR455CVZ	syn52185808	syn52343886	ENCSR455CVZ_CellClusterAssignment.tsv
ENCSR455CVZ	syn52185808	syn52187782	ENCSR455CVZ_ClusterMetadata.tsv
ENCSR455CVZ	syn52185808	syn52249902	tagAlign_ENCSR455CVZ_Endothelial_cell.sorted.tagAlign.gz
ENCSR455CVZ	syn52185808	syn52249899	tagAlign_ENCSR455CVZ_Endothelial_cell.sorted.tagAlign.gz.tbi
ENCSR455CVZ	syn52185808	syn52249897	tagAlign_ENCSR455CVZ_Vascular_smooth_muscle_cell.sorted.tagAlign.gz
ENCSR455CVZ	syn52185808	syn52249895	tagAlign_ENCSR455CVZ_Vascular_smooth_muscle_cell.sorted.tagAlign.gz.tbi
ENCSR455CVZ	syn52185808	syn52187781	tagAlign_ENCSR455CVZ_Endothelial_cell.tsv
ENCSR455CVZ	syn52185808	syn52187909	tagAlign_ENCSR455CVZ_Vascular_smooth_muscle_cell.tsv
ENCSR474TGL	syn52185812	syn52343889	ENCSR474TGL_CellClusterAssignment.tsv
ENCSR474TGL	syn52185812	syn52188948	ENCSR474TGL_ClusterMetadata.tsv
ENCSR474TGL	syn52185812	syn52249970	tagAlign_ENCSR474TGL_Basal_epithelial_cell.sorted.tagAlign.gz
ENCSR474TGL	syn52185812	syn52249969	tagAlign_ENCSR474TGL_Basal_epithelial_cell.sorted.tagAlign.gz.tbi
ENCSR474TGL	syn52185812	syn52249963	tagAlign_ENCSR474TGL_Endothelial_cell.sorted.tagAlign.gz
ENCSR474TGL	syn52185812	syn52249964	tagAlign_ENCSR474TGL_Endothelial_cell.sorted.tagAlign.gz.tbi
ENCSR474TGL	syn52185812	syn52249960	tagAlign_ENCSR474TGL_Fibroblast.sorted.tagAlign.gz
ENCSR474TGL	syn52185812	syn52249957	tagAlign_ENCSR474TGL_Fibroblast.sorted.tagAlign.gz.tbi
ENCSR474TGL	syn52185812	syn52249967	tagAlign_ENCSR474TGL_Macrophage.sorted.tagAlign.gz
ENCSR474TGL	syn52185812	syn52249966	tagAlign_ENCSR474TGL_Macrophage.sorted.tagAlign.gz.tbi
ENCSR474TGL	syn52185812	syn52189149	tagAlign_ENCSR474TGL_Basal_epithelial_cell.tsv
ENCSR474TGL	syn52185812	syn52188947	tagAlign_ENCSR474TGL_Endothelial_cell.tsv
ENCSR474TGL	syn52185812	syn52189082	tagAlign_ENCSR474TGL_Fibroblast.tsv
ENCSR474TGL	syn52185812	syn52189188	tagAlign_ENCSR474TGL_Macrophage.tsv
ENCSR506YMX	syn52185799	syn52343875	ENCSR506YMX_CellClusterAssignment.tsv
ENCSR506YMX	syn52185799	syn52186641	ENCSR506YMX_ClusterMetadata.tsv
ENCSR506YMX	syn52185799	syn52249612	tagAlign_ENCSR506YMX_Goblet_cell.sorted.tagAlign.gz
ENCSR506YMX	syn52185799	syn52249613	tagAlign_ENCSR506YMX_Goblet_cell.sorted.tagAlign.gz.tbi
ENCSR506YMX	syn52185799	syn52249609	tagAlign_ENCSR506YMX_Luminal_epithelial_cell.sorted.tagAlign.gz
ENCSR506YMX	syn52185799	syn52249610	tagAlign_ENCSR506YMX_Luminal_epithelial_cell.sorted.tagAlign.gz.tbi
ENCSR506YMX	syn52185799	syn52249607	tagAlign_ENCSR506YMX_T_lymphocyte.sorted.tagAlign.gz
ENCSR506YMX	syn52185799	syn52249605	tagAlign_ENCSR506YMX_T_lymphocyte.sorted.tagAlign.gz.tbi
ENCSR506YMX	syn52185799	syn52249616	tagAlign_ENCSR506YMX_Tuft_cell.sorted.tagAlign.gz
ENCSR506YMX	syn52185799	syn52249617	tagAlign_ENCSR506YMX_Tuft_cell.sorted.tagAlign.gz.tbi
ENCSR506YMX	syn52185799	syn52249620	tagAlign_ENCSR506YMX_Vascular_smooth_muscle_cell.sorted.tagAlign.gz
ENCSR506YMX	syn52185799	syn52249621	tagAlign_ENCSR506YMX_Vascular_smooth_muscle_cell.sorted.tagAlign.gz.tbi
ENCSR506YMX	syn52185799	syn52186729	tagAlign_ENCSR506YMX_Goblet_cell.tsv
ENCSR506YMX	syn52185799	syn52186640	tagAlign_ENCSR506YMX_Luminal_epithelial_cell.tsv
ENCSR506YMX	syn52185799	syn52186735	tagAlign_ENCSR506YMX_T_lymphocyte.tsv
ENCSR506YMX	syn52185799	syn52186726	tagAlign_ENCSR506YMX_Tuft_cell.tsv
ENCSR506YMX	syn52185799	syn52186715	tagAlign_ENCSR506YMX_Vascular_smooth_muscle_cell.tsv
ENCSR538FPK	syn52185814	syn52343891	ENCSR538FPK_CellClusterAssignment.tsv
ENCSR538FPK	syn52185814	syn52189939	ENCSR538FPK_ClusterMetadata.tsv
ENCSR538FPK	syn52185814	syn52249999	tagAlign_ENCSR538FPK_Cardiomyocyte.sorted.tagAlign.gz
ENCSR538FPK	syn52185814	syn52249989	tagAlign_ENCSR538FPK_Cardiomyocyte.sorted.tagAlign.gz.tbi
ENCSR538FPK	syn52185814	syn52250005	tagAlign_ENCSR538FPK_Endothelial_cell.sorted.tagAlign.gz
ENCSR538FPK	syn52185814	syn52250006	tagAlign_ENCSR538FPK_Endothelial_cell.sorted.tagAlign.gz.tbi
ENCSR538FPK	syn52185814	syn52249986	tagAlign_ENCSR538FPK_Fibroblast.sorted.tagAlign.gz
ENCSR538FPK	syn52185814	syn52249987	tagAlign_ENCSR538FPK_Fibroblast.sorted.tagAlign.gz.tbi
ENCSR538FPK	syn52185814	syn52250003	tagAlign_ENCSR538FPK_Macrophage.sorted.tagAlign.gz
ENCSR538FPK	syn52185814	syn52250001	tagAlign_ENCSR538FPK_Macrophage.sorted.tagAlign.gz.tbi
ENCSR538FPK	syn52185814	syn52250009	tagAlign_ENCSR538FPK_Smooth_muscle_cell.sorted.tagAlign.gz
ENCSR538FPK	syn52185814	syn52250008	tagAlign_ENCSR538FPK_Smooth_muscle_cell.sorted.tagAlign.gz.tbi
ENCSR538FPK	syn52185814	syn52250012	tagAlign_ENCSR538FPK_T_lymphocyte.sorted.tagAlign.gz
ENCSR538FPK	syn52185814	syn52250011	tagAlign_ENCSR538FPK_T_lymphocyte.sorted.tagAlign.gz.tbi
ENCSR538FPK	syn52185814	syn52191664	tagAlign_ENCSR538FPK_Cardiomyocyte.tsv
ENCSR538FPK	syn52185814	syn52190978	tagAlign_ENCSR538FPK_Endothelial_cell.tsv
ENCSR538FPK	syn52185814	syn52190193	tagAlign_ENCSR538FPK_Fibroblast.tsv
ENCSR538FPK	syn52185814	syn52191303	tagAlign_ENCSR538FPK_Macrophage.tsv
ENCSR538FPK	syn52185814	syn52191248	tagAlign_ENCSR538FPK_Smooth_muscle_cell.tsv
ENCSR538FPK	syn52185814	syn52190992	tagAlign_ENCSR538FPK_T_lymphocyte.tsv
ENCODE-Liver-10XMultiome	syn52281276	syn52343788	CPM_clusters_barcode.tsv
ENCODE-Liver-10XMultiome	syn52281276	syn52343790	ENCSR618WVK.combinedFiltered.hg38.rna.h5
ENCODE-Liver-10XMultiome	syn52281276	syn52343616	ENCSR618WVK_CellClusterAssignment.tsv
ENCODE-Liver-10XMultiome	syn52281276	syn52297898	ENCSR618WVK_ClusterMetadata.tsv
ENCODE-Liver-10XMultiome	syn52281276	syn52297903	ENCSR618WVK_Cluster0.sorted.tagAlign.gz
ENCODE-Liver-10XMultiome	syn52281276	syn52297904	ENCSR618WVK_Cluster0.sorted.tagAlign.gz.tbi
ENCODE-Liver-10XMultiome	syn52281276	syn52297900	ENCSR618WVK_Cluster1.sorted.tagAlign.gz
ENCODE-Liver-10XMultiome	syn52281276	syn52297901	ENCSR618WVK_Cluster1.sorted.tagAlign.gz.tbi
ENCODE-Liver-10XMultiome	syn52281276	syn52297912	ENCSR618WVK_Cluster2.sorted.tagAlign.gz
ENCODE-Liver-10XMultiome	syn52281276	syn52297913	ENCSR618WVK_Cluster2.sorted.tagAlign.gz.tbi
ENCODE-Liver-10XMultiome	syn52281276	syn52297945	ENCSR618WVK_Cluster3.sorted.tagAlign.gz
ENCODE-Liver-10XMultiome	syn52281276	syn52297946	ENCSR618WVK_Cluster3.sorted.tagAlign.gz.tbi
ENCODE-Liver-10XMultiome	syn52281276	syn52297948	ENCSR618WVK_Cluster4.sorted.tagAlign.gz
ENCODE-Liver-10XMultiome	syn52281276	syn52297951	ENCSR618WVK_Cluster4.sorted.tagAlign.gz.tbi
ENCODE-Liver-10XMultiome	syn52281276	syn52297907	ENCSR618WVK_Cluster5.sorted.tagAlign.gz
ENCODE-Liver-10XMultiome	syn52281276	syn52297906	ENCSR618WVK_Cluster5.sorted.tagAlign.gz.tbi
ENCSR660NEE	syn52185802	syn52343879	ENCSR660NEE_CellClusterAssignment.tsv
ENCSR660NEE	syn52185802	syn52187305	ENCSR660NEE_ClusterMetadata.tsv
ENCSR660NEE	syn52185802	syn52249734	tagAlign_ENCSR660NEE_Endothelial_cell.sorted.tagAlign.gz
ENCSR660NEE	syn52185802	syn52249726	tagAlign_ENCSR660NEE_Endothelial_cell.sorted.tagAlign.gz.tbi
ENCSR660NEE	syn52185802	syn52249698	tagAlign_ENCSR660NEE_Fibroblast.sorted.tagAlign.gz
ENCSR660NEE	syn52185802	syn52249695	tagAlign_ENCSR660NEE_Fibroblast.sorted.tagAlign.gz.tbi
ENCSR660NEE	syn52185802	syn52249737	tagAlign_ENCSR660NEE_Macrophage.sorted.tagAlign.gz
ENCSR660NEE	syn52185802	syn52249736	tagAlign_ENCSR660NEE_Macrophage.sorted.tagAlign.gz.tbi
ENCSR660NEE	syn52185802	syn52249692	tagAlign_ENCSR660NEE_Mast_cell.sorted.tagAlign.gz
ENCSR660NEE	syn52185802	syn52249693	tagAlign_ENCSR660NEE_Mast_cell.sorted.tagAlign.gz.tbi
ENCSR660NEE	syn52185802	syn52249716	tagAlign_ENCSR660NEE_Schwann_cell.sorted.tagAlign.gz
ENCSR660NEE	syn52185802	syn52249712	tagAlign_ENCSR660NEE_Schwann_cell.sorted.tagAlign.gz.tbi
ENCSR660NEE	syn52185802	syn52249722	tagAlign_ENCSR660NEE_Smooth_muscle_cell.sorted.tagAlign.gz
ENCSR660NEE	syn52185802	syn52249724	tagAlign_ENCSR660NEE_Smooth_muscle_cell.sorted.tagAlign.gz.tbi
ENCSR660NEE	syn52185802	syn52249718	tagAlign_ENCSR660NEE_T_lymphocyte.sorted.tagAlign.gz
ENCSR660NEE	syn52185802	syn52249719	tagAlign_ENCSR660NEE_T_lymphocyte.sorted.tagAlign.gz.tbi
ENCSR660NEE	syn52185802	syn52249710	tagAlign_ENCSR660NEE_Vascular_smooth_muscle_cell.sorted.tagAlign.gz
ENCSR660NEE	syn52185802	syn52249700	tagAlign_ENCSR660NEE_Vascular_smooth_muscle_cell.sorted.tagAlign.gz.tbi
ENCSR660NEE	syn52185802	syn52187255	tagAlign_ENCSR660NEE_Endothelial_cell.tsv
ENCSR660NEE	syn52185802	syn52187139	tagAlign_ENCSR660NEE_Fibroblast.tsv
ENCSR660NEE	syn52185802	syn52187285	tagAlign_ENCSR660NEE_Macrophage.tsv
ENCSR660NEE	syn52185802	syn52187215	tagAlign_ENCSR660NEE_Mast_cell.tsv
ENCSR660NEE	syn52185802	syn52187237	tagAlign_ENCSR660NEE_Schwann_cell.tsv
ENCSR660NEE	syn52185802	syn52187304	tagAlign_ENCSR660NEE_Smooth_muscle_cell.tsv
ENCSR660NEE	syn52185802	syn52187291	tagAlign_ENCSR660NEE_T_lymphocyte.tsv
ENCSR660NEE	syn52185802	syn52187209	tagAlign_ENCSR660NEE_Vascular_smooth_muscle_cell.tsv
ENCSR718WGE	syn52185815	syn52343894	ENCSR718WGE_CellClusterAssignment.tsv
ENCSR718WGE	syn52185815	syn52191529	ENCSR718WGE_ClusterMetadata.tsv
ENCSR718WGE	syn52185815	syn52250023	tagAlign_ENCSR718WGE_Endothelial_cell.sorted.tagAlign.gz
ENCSR718WGE	syn52185815	syn52250019	tagAlign_ENCSR718WGE_Endothelial_cell.sorted.tagAlign.gz.tbi
ENCSR718WGE	syn52185815	syn52250026	tagAlign_ENCSR718WGE_Macrophage.sorted.tagAlign.gz
ENCSR718WGE	syn52185815	syn52250025	tagAlign_ENCSR718WGE_Macrophage.sorted.tagAlign.gz.tbi
ENCSR718WGE	syn52185815	syn52250016	tagAlign_ENCSR718WGE_T_lymphocyte.sorted.tagAlign.gz
ENCSR718WGE	syn52185815	syn52250017	tagAlign_ENCSR718WGE_T_lymphocyte.sorted.tagAlign.gz.tbi
ENCSR718WGE	syn52185815	syn52250034	tagAlign_ENCSR718WGE_Type_II_pneumocyte.sorted.tagAlign.gz
ENCSR718WGE	syn52185815	syn52250028	tagAlign_ENCSR718WGE_Type_II_pneumocyte.sorted.tagAlign.gz.tbi
ENCSR718WGE	syn52185815	syn52191513	tagAlign_ENCSR718WGE_Endothelial_cell.tsv
ENCSR718WGE	syn52185815	syn52191306	tagAlign_ENCSR718WGE_Macrophage.tsv
ENCSR718WGE	syn52185815	syn52191528	tagAlign_ENCSR718WGE_T_lymphocyte.tsv
ENCSR718WGE	syn52185815	syn52191067	tagAlign_ENCSR718WGE_Type_II_pneumocyte.tsv
ENCSR776EOI	syn52185816	syn52343895	ENCSR776EOI_CellClusterAssignment.tsv
ENCSR776EOI	syn52185816	syn52191283	ENCSR776EOI_ClusterMetadata.tsv
ENCSR776EOI	syn52185816	syn52250040	tagAlign_ENCSR776EOI_Cardiomyocyte.sorted.tagAlign.gz
ENCSR776EOI	syn52185816	syn52250039	tagAlign_ENCSR776EOI_Cardiomyocyte.sorted.tagAlign.gz.tbi
ENCSR776EOI	syn52185816	syn52250046	tagAlign_ENCSR776EOI_Fibroblast.sorted.tagAlign.gz
ENCSR776EOI	syn52185816	syn52250047	tagAlign_ENCSR776EOI_Fibroblast.sorted.tagAlign.gz.tbi
ENCSR776EOI	syn52185816	syn52250051	tagAlign_ENCSR776EOI_Macrophage.sorted.tagAlign.gz
ENCSR776EOI	syn52185816	syn52250049	tagAlign_ENCSR776EOI_Macrophage.sorted.tagAlign.gz.tbi
ENCSR776EOI	syn52185816	syn52250037	tagAlign_ENCSR776EOI_Mesothelial_cell.sorted.tagAlign.gz
ENCSR776EOI	syn52185816	syn52250036	tagAlign_ENCSR776EOI_Mesothelial_cell.sorted.tagAlign.gz.tbi
ENCSR776EOI	syn52185816	syn52190998	tagAlign_ENCSR776EOI_Cardiomyocyte.tsv
ENCSR776EOI	syn52185816	syn52190881	tagAlign_ENCSR776EOI_Fibroblast.tsv
ENCSR776EOI	syn52185816	syn52190973	tagAlign_ENCSR776EOI_Macrophage.tsv
ENCSR776EOI	syn52185816	syn52191280	tagAlign_ENCSR776EOI_Mesothelial_cell.tsv
ENCSR796RXX	syn52185813	syn52343890	ENCSR796RXX_CellClusterAssignment.tsv
ENCSR796RXX	syn52185813	syn52189189	ENCSR796RXX_ClusterMetadata.tsv
ENCSR796RXX	syn52185813	syn52249983	tagAlign_ENCSR796RXX_Endothelial_cell.sorted.tagAlign.gz
ENCSR796RXX	syn52185813	syn52249982	tagAlign_ENCSR796RXX_Endothelial_cell.sorted.tagAlign.gz.tbi
ENCSR796RXX	syn52185813	syn52249974	tagAlign_ENCSR796RXX_Fibroblast.sorted.tagAlign.gz
ENCSR796RXX	syn52185813	syn52249973	tagAlign_ENCSR796RXX_Fibroblast.sorted.tagAlign.gz.tbi
ENCSR796RXX	syn52185813	syn52249980	tagAlign_ENCSR796RXX_Follicular_cell.sorted.tagAlign.gz
ENCSR796RXX	syn52185813	syn52249976	tagAlign_ENCSR796RXX_Follicular_cell.sorted.tagAlign.gz.tbi
ENCSR796RXX	syn52185813	syn52189938	tagAlign_ENCSR796RXX_Endothelial_cell.tsv
ENCSR796RXX	syn52185813	syn52189927	tagAlign_ENCSR796RXX_Fibroblast.tsv
ENCSR796RXX	syn52185813	syn52189910	tagAlign_ENCSR796RXX_Follicular_cell.tsv
ENCSR822GXQ	syn52185806	syn52343884	ENCSR822GXQ_CellClusterAssignment.tsv
ENCSR822GXQ	syn52185806	syn52187740	ENCSR822GXQ_ClusterMetadata.tsv
ENCSR822GXQ	syn52185806	syn52249845	tagAlign_ENCSR822GXQ_Basal_epithelial_cell.sorted.tagAlign.gz
ENCSR822GXQ	syn52185806	syn52249843	tagAlign_ENCSR822GXQ_Basal_epithelial_cell.sorted.tagAlign.gz.tbi
ENCSR822GXQ	syn52185806	syn52249855	tagAlign_ENCSR822GXQ_Endothelial_cell.sorted.tagAlign.gz
ENCSR822GXQ	syn52185806	syn52249854	tagAlign_ENCSR822GXQ_Endothelial_cell.sorted.tagAlign.gz.tbi
ENCSR822GXQ	syn52185806	syn52249871	tagAlign_ENCSR822GXQ_Fibroblast.sorted.tagAlign.gz
ENCSR822GXQ	syn52185806	syn52249867	tagAlign_ENCSR822GXQ_Fibroblast.sorted.tagAlign.gz.tbi
ENCSR822GXQ	syn52185806	syn52249851	tagAlign_ENCSR822GXQ_Macrophage.sorted.tagAlign.gz
ENCSR822GXQ	syn52185806	syn52249852	tagAlign_ENCSR822GXQ_Macrophage.sorted.tagAlign.gz.tbi
ENCSR822GXQ	syn52185806	syn52249873	tagAlign_ENCSR822GXQ_T_lymphocyte.sorted.tagAlign.gz
ENCSR822GXQ	syn52185806	syn52249874	tagAlign_ENCSR822GXQ_T_lymphocyte.sorted.tagAlign.gz.tbi
ENCSR822GXQ	syn52185806	syn52249865	tagAlign_ENCSR822GXQ_Vascular_smooth_muscle_cell.sorted.tagAlign.gz
ENCSR822GXQ	syn52185806	syn52249859	tagAlign_ENCSR822GXQ_Vascular_smooth_muscle_cell.sorted.tagAlign.gz.tbi
ENCSR822GXQ	syn52185806	syn52190749	tagAlign_ENCSR822GXQ_Basal_epithelial_cell.tsv
ENCSR822GXQ	syn52185806	syn52187739	tagAlign_ENCSR822GXQ_Endothelial_cell.tsv
ENCSR822GXQ	syn52185806	syn52190974	tagAlign_ENCSR822GXQ_Fibroblast.tsv
ENCSR822GXQ	syn52185806	syn52187832	tagAlign_ENCSR822GXQ_Macrophage.tsv
ENCSR822GXQ	syn52185806	syn52187742	tagAlign_ENCSR822GXQ_T_lymphocyte.tsv
ENCSR822GXQ	syn52185806	syn52190735	tagAlign_ENCSR822GXQ_Vascular_smooth_muscle_cell.tsv
ENCSR845QFX	syn52185811	syn52343888	ENCSR845QFX_CellClusterAssignment.tsv
ENCSR845QFX	syn52185811	syn52188690	ENCSR845QFX_ClusterMetadata.tsv
ENCSR845QFX	syn52185811	syn52249949	tagAlign_ENCSR845QFX_Endothelial_cell.sorted.tagAlign.gz
ENCSR845QFX	syn52185811	syn52249948	tagAlign_ENCSR845QFX_Endothelial_cell.sorted.tagAlign.gz.tbi
ENCSR845QFX	syn52185811	syn52249943	tagAlign_ENCSR845QFX_Fibroblast.sorted.tagAlign.gz
ENCSR845QFX	syn52185811	syn52249942	tagAlign_ENCSR845QFX_Fibroblast.sorted.tagAlign.gz.tbi
ENCSR845QFX	syn52185811	syn52249953	tagAlign_ENCSR845QFX_Luminal_epithelial_cell.1.sorted.tagAlign.gz
ENCSR845QFX	syn52185811	syn52249954	tagAlign_ENCSR845QFX_Luminal_epithelial_cell.1.sorted.tagAlign.gz.tbi
ENCSR845QFX	syn52185811	syn52249939	tagAlign_ENCSR845QFX_Luminal_epithelial_cell.2.sorted.tagAlign.gz
ENCSR845QFX	syn52185811	syn52249940	tagAlign_ENCSR845QFX_Luminal_epithelial_cell.2.sorted.tagAlign.gz.tbi
ENCSR845QFX	syn52185811	syn52249946	tagAlign_ENCSR845QFX_Luminal_epithelial_cell.3.sorted.tagAlign.gz
ENCSR845QFX	syn52185811	syn52249945	tagAlign_ENCSR845QFX_Luminal_epithelial_cell.3.sorted.tagAlign.gz.tbi
ENCSR845QFX	syn52185811	syn52249936	tagAlign_ENCSR845QFX_Vascular_smooth_muscle_cell.sorted.tagAlign.gz
ENCSR845QFX	syn52185811	syn52249937	tagAlign_ENCSR845QFX_Vascular_smooth_muscle_cell.sorted.tagAlign.gz.tbi
ENCSR845QFX	syn52185811	syn52188629	tagAlign_ENCSR845QFX_Endothelial_cell.tsv
ENCSR845QFX	syn52185811	syn52188713	tagAlign_ENCSR845QFX_Fibroblast.tsv
ENCSR845QFX	syn52185811	syn52188689	tagAlign_ENCSR845QFX_Luminal_epithelial_cell.1.tsv
ENCSR845QFX	syn52185811	syn52188706	tagAlign_ENCSR845QFX_Luminal_epithelial_cell.2.tsv
ENCSR845QFX	syn52185811	syn52188709	tagAlign_ENCSR845QFX_Luminal_epithelial_cell.3.tsv
ENCSR845QFX	syn52185811	syn52189132	tagAlign_ENCSR845QFX_Vascular_smooth_muscle_cell.tsv
ENCSR848EID	syn52185801	syn52343878	ENCSR848EID_CellClusterAssignment.tsv
ENCSR848EID	syn52185801	syn52187040	ENCSR848EID_ClusterMetadata.tsv
ENCSR848EID	syn52185801	syn52249677	tagAlign_ENCSR848EID_Fibroblast.sorted.tagAlign.gz
ENCSR848EID	syn52185801	syn52249678	tagAlign_ENCSR848EID_Fibroblast.sorted.tagAlign.gz.tbi
ENCSR848EID	syn52185801	syn52249680	tagAlign_ENCSR848EID_Gastric_chief_cell.sorted.tagAlign.gz
ENCSR848EID	syn52185801	syn52249682	tagAlign_ENCSR848EID_Gastric_chief_cell.sorted.tagAlign.gz.tbi
ENCSR848EID	syn52185801	syn52249672	tagAlign_ENCSR848EID_Luminal_epithelial_cell.sorted.tagAlign.gz
ENCSR848EID	syn52185801	syn52249673	tagAlign_ENCSR848EID_Luminal_epithelial_cell.sorted.tagAlign.gz.tbi
ENCSR848EID	syn52185801	syn52249685	tagAlign_ENCSR848EID_Macrophage.sorted.tagAlign.gz
ENCSR848EID	syn52185801	syn52249686	tagAlign_ENCSR848EID_Macrophage.sorted.tagAlign.gz.tbi
ENCSR848EID	syn52185801	syn52249689	tagAlign_ENCSR848EID_T_lymphocyte.sorted.tagAlign.gz
ENCSR848EID	syn52185801	syn52249688	tagAlign_ENCSR848EID_T_lymphocyte.sorted.tagAlign.gz.tbi
ENCSR848EID	syn52185801	syn52187050	tagAlign_ENCSR848EID_Fibroblast.tsv
ENCSR848EID	syn52185801	syn52187039	tagAlign_ENCSR848EID_Gastric_chief_cell.tsv
ENCSR848EID	syn52185801	syn52187042	tagAlign_ENCSR848EID_Luminal_epithelial_cell.tsv
ENCSR848EID	syn52185801	syn52187041	tagAlign_ENCSR848EID_Macrophage.tsv
ENCSR848EID	syn52185801	syn52187047	tagAlign_ENCSR848EID_T_lymphocyte.tsv
ENCSR868ZEI	syn52185798	syn52343874	ENCSR868ZEI_CellClusterAssignment.tsv
ENCSR868ZEI	syn52185798	syn52186565	ENCSR868ZEI_ClusterMetadata.tsv
ENCSR868ZEI	syn52185798	syn52249567	tagAlign_ENCSR868ZEI_Endothelial_cell.sorted.tagAlign.gz
ENCSR868ZEI	syn52185798	syn52249568	tagAlign_ENCSR868ZEI_Endothelial_cell.sorted.tagAlign.gz.tbi
ENCSR868ZEI	syn52185798	syn52249592	tagAlign_ENCSR868ZEI_Fibroblast.sorted.tagAlign.gz
ENCSR868ZEI	syn52185798	syn52249593	tagAlign_ENCSR868ZEI_Fibroblast.sorted.tagAlign.gz.tbi
ENCSR868ZEI	syn52185798	syn52249597	tagAlign_ENCSR868ZEI_Macrophage.sorted.tagAlign.gz
ENCSR868ZEI	syn52185798	syn52249595	tagAlign_ENCSR868ZEI_Macrophage.sorted.tagAlign.gz.tbi
ENCSR868ZEI	syn52185798	syn52249565	tagAlign_ENCSR868ZEI_Mast_cell.sorted.tagAlign.gz
ENCSR868ZEI	syn52185798	syn52249564	tagAlign_ENCSR868ZEI_Mast_cell.sorted.tagAlign.gz.tbi
ENCSR868ZEI	syn52185798	syn52249570	tagAlign_ENCSR868ZEI_Myofibroblast.sorted.tagAlign.gz
ENCSR868ZEI	syn52185798	syn52249571	tagAlign_ENCSR868ZEI_Myofibroblast.sorted.tagAlign.gz.tbi
ENCSR868ZEI	syn52185798	syn52249575	tagAlign_ENCSR868ZEI_Schwann_cell.sorted.tagAlign.gz
ENCSR868ZEI	syn52185798	syn52249577	tagAlign_ENCSR868ZEI_Schwann_cell.sorted.tagAlign.gz.tbi
ENCSR868ZEI	syn52185798	syn52249561	tagAlign_ENCSR868ZEI_Smooth_muscle_cell.sorted.tagAlign.gz
ENCSR868ZEI	syn52185798	syn52249562	tagAlign_ENCSR868ZEI_Smooth_muscle_cell.sorted.tagAlign.gz.tbi
ENCSR868ZEI	syn52185798	syn52249579	tagAlign_ENCSR868ZEI_T_lymphocyte.sorted.tagAlign.gz
ENCSR868ZEI	syn52185798	syn52249580	tagAlign_ENCSR868ZEI_T_lymphocyte.sorted.tagAlign.gz.tbi
ENCSR868ZEI	syn52185798	syn52249603	tagAlign_ENCSR868ZEI_Vascular_smooth_muscle_cell.sorted.tagAlign.gz
ENCSR868ZEI	syn52185798	syn52249599	tagAlign_ENCSR868ZEI_Vascular_smooth_muscle_cell.sorted.tagAlign.gz.tbi
ENCSR868ZEI	syn52185798	syn52186420	tagAlign_ENCSR868ZEI_Endothelial_cell.tsv
ENCSR868ZEI	syn52185798	syn52186564	tagAlign_ENCSR868ZEI_Fibroblast.tsv
ENCSR868ZEI	syn52185798	syn52186349	tagAlign_ENCSR868ZEI_Macrophage.tsv
ENCSR868ZEI	syn52185798	syn52186312	tagAlign_ENCSR868ZEI_Mast_cell.tsv
ENCSR868ZEI	syn52185798	syn52186422	tagAlign_ENCSR868ZEI_Myofibroblast.tsv
ENCSR868ZEI	syn52185798	syn52186421	tagAlign_ENCSR868ZEI_Schwann_cell.tsv
ENCSR868ZEI	syn52185798	syn52186568	tagAlign_ENCSR868ZEI_Smooth_muscle_cell.tsv
ENCSR868ZEI	syn52185798	syn52186316	tagAlign_ENCSR868ZEI_T_lymphocyte.tsv
ENCSR868ZEI	syn52185798	syn52186397	tagAlign_ENCSR868ZEI_Vascular_smooth_muscle_cell.tsv
GM12878_10XMultiome	syn52263976	syn52320752	GM12878_10XMultiome_Cluster1.atac.filter.cutsites.hg38.tagAlign.gz
GM12878_10XMultiome	syn52263976	syn52320753	GM12878_10XMultiome_Cluster1.atac.filter.cutsites.hg38.tagAlign.gz.tbi
GM12878_10XMultiome	syn52263976	syn52263982	GM12878_10XMultiome_ClusterMetadata.tsv
GM12878_10XMultiome	syn52263976	syn52263983	tagAlign_GM12878_10XMultiome_GM12878_10XMultiome.tsv
GerminalCenter10X	syn52295731	syn52320669	GerminalCenter10xATAC_combined_Cluster1.atac.filter.cutsites.hg38.tagAlign.gz
GerminalCenter10X	syn52295731	syn52320670	GerminalCenter10xATAC_combined_Cluster1.atac.filter.cutsites.hg38.tagAlign.gz.tbi
GerminalCenter10X	syn52295731	syn52320688	GerminalCenter10xATAC_combined_Cluster10.atac.filter.cutsites.hg38.tagAlign.gz
GerminalCenter10X	syn52295731	syn52320689	GerminalCenter10xATAC_combined_Cluster10.atac.filter.cutsites.hg38.tagAlign.gz.tbi
GerminalCenter10X	syn52295731	syn52320690	GerminalCenter10xATAC_combined_Cluster11.atac.filter.cutsites.hg38.tagAlign.gz
GerminalCenter10X	syn52295731	syn52320691	GerminalCenter10xATAC_combined_Cluster11.atac.filter.cutsites.hg38.tagAlign.gz.tbi
GerminalCenter10X	syn52295731	syn52320693	GerminalCenter10xATAC_combined_Cluster12.atac.filter.cutsites.hg38.tagAlign.gz
GerminalCenter10X	syn52295731	syn52320694	GerminalCenter10xATAC_combined_Cluster12.atac.filter.cutsites.hg38.tagAlign.gz.tbi
GerminalCenter10X	syn52295731	syn52320695	GerminalCenter10xATAC_combined_Cluster13.atac.filter.cutsites.hg38.tagAlign.gz
GerminalCenter10X	syn52295731	syn52320696	GerminalCenter10xATAC_combined_Cluster13.atac.filter.cutsites.hg38.tagAlign.gz.tbi
GerminalCenter10X	syn52295731	syn52320697	GerminalCenter10xATAC_combined_Cluster14.atac.filter.cutsites.hg38.tagAlign.gz
GerminalCenter10X	syn52295731	syn52320698	GerminalCenter10xATAC_combined_Cluster14.atac.filter.cutsites.hg38.tagAlign.gz.tbi
GerminalCenter10X	syn52295731	syn52320671	GerminalCenter10xATAC_combined_Cluster2.atac.filter.cutsites.hg38.tagAlign.gz
GerminalCenter10X	syn52295731	syn52320672	GerminalCenter10xATAC_combined_Cluster2.atac.filter.cutsites.hg38.tagAlign.gz.tbi
GerminalCenter10X	syn52295731	syn52320673	GerminalCenter10xATAC_combined_Cluster4.atac.filter.cutsites.hg38.tagAlign.gz
GerminalCenter10X	syn52295731	syn52320674	GerminalCenter10xATAC_combined_Cluster4.atac.filter.cutsites.hg38.tagAlign.gz.tbi
GerminalCenter10X	syn52295731	syn52320675	GerminalCenter10xATAC_combined_Cluster5.atac.filter.cutsites.hg38.tagAlign.gz
GerminalCenter10X	syn52295731	syn52320676	GerminalCenter10xATAC_combined_Cluster5.atac.filter.cutsites.hg38.tagAlign.gz.tbi
GerminalCenter10X	syn52295731	syn52320677	GerminalCenter10xATAC_combined_Cluster6.atac.filter.cutsites.hg38.tagAlign.gz
GerminalCenter10X	syn52295731	syn52320678	GerminalCenter10xATAC_combined_Cluster6.atac.filter.cutsites.hg38.tagAlign.gz.tbi
GerminalCenter10X	syn52295731	syn52320679	GerminalCenter10xATAC_combined_Cluster7.atac.filter.cutsites.hg38.tagAlign.gz
GerminalCenter10X	syn52295731	syn52320681	GerminalCenter10xATAC_combined_Cluster7.atac.filter.cutsites.hg38.tagAlign.gz.tbi
GerminalCenter10X	syn52295731	syn52320682	GerminalCenter10xATAC_combined_Cluster8.atac.filter.cutsites.hg38.tagAlign.gz
GerminalCenter10X	syn52295731	syn52320683	GerminalCenter10xATAC_combined_Cluster8.atac.filter.cutsites.hg38.tagAlign.gz.tbi
GerminalCenter10X	syn52295731	syn52320686	GerminalCenter10xATAC_combined_Cluster9.atac.filter.cutsites.hg38.tagAlign.gz
GerminalCenter10X	syn52295731	syn52320687	GerminalCenter10xATAC_combined_Cluster9.atac.filter.cutsites.hg38.tagAlign.gz.tbi
GerminalCenter10X	syn52295731	syn52295825	GerminalCenter10xATAC_combined_ClusterMetadata.tsv
GerminalCenter10X	syn52295731	syn52295823	tagAlign_GerminalCenter10xATAC_Activated_B.tsv
GerminalCenter10X	syn52295731	syn52295840	tagAlign_GerminalCenter10xATAC_CTL.tsv
GerminalCenter10X	syn52295731	syn52295808	tagAlign_GerminalCenter10xATAC_DZ_GC.tsv
GerminalCenter10X	syn52295731	syn52295824	tagAlign_GerminalCenter10xATAC_Dendritic.tsv
GerminalCenter10X	syn52295731	syn52295851	tagAlign_GerminalCenter10xATAC_LZ_GC.tsv
GerminalCenter10X	syn52295731	syn52295833	tagAlign_GerminalCenter10xATAC_MBC.tsv
GerminalCenter10X	syn52295731	syn52295837	tagAlign_GerminalCenter10xATAC_Myeloid.tsv
GerminalCenter10X	syn52295731	syn52295860	tagAlign_GerminalCenter10xATAC_Naive_B.tsv
GerminalCenter10X	syn52295731	syn52295855	tagAlign_GerminalCenter10xATAC_Naive_T.tsv
GerminalCenter10X	syn52295731	syn52295829	tagAlign_GerminalCenter10xATAC_Plasmablasts.tsv
GerminalCenter10X	syn52295731	syn52295835	tagAlign_GerminalCenter10xATAC_Tcm_CD4.tsv
GerminalCenter10X	syn52295731	syn52295769	tagAlign_GerminalCenter10xATAC_Tcm_CD8.tsv
GerminalCenter10X	syn52295731	syn52295867	tagAlign_GerminalCenter10xATAC_Tfh.tsv
GerminalCenter10X	syn52295731	syn52295844	tagAlign_GerminalCenter10xATAC_Treg.tsv
K562_10XMultiome_Xu2022	syn52333627	syn52358205	K562_10XMultiome_Xu2022_CellCluster0.atac.filter.cutsites.hg38.tagAlign.gz
K562_10XMultiome_Xu2022	syn52333627	syn52358206	K562_10XMultiome_Xu2022_CellCluster0.atac.filter.cutsites.hg38.tagAlign.gz.tbi
K562_10XMultiome_Xu2022	syn52333627	syn52334019	K562_10XMultiome_Xu2022_CellCluster0.atac.filter.hg38.tagAlign.tsv.gz
K562_10XMultiome_Xu2022	syn52333627	syn52333699	K562_10XMultiome_Xu2022_ClusterMetadata.tsv
K562_10XMultiome_Xu2022	syn52333627	syn52333762	barcode_cell_types.tsv.gz
K562_10XMultiome_Xu2022	syn52333627	syn52333835	k562_err9847049_rna_atac_common_filtered_fragments_Rosa.tsv.gz
Ma2020_BMMC_SingleDonor	syn52280339	syn52280400	Ma2020_BMMC_SingleDonor.combinedFiltered.hg38.rna.h5
Ma2020_BMMC_SingleDonor	syn52280339	syn52280343	Ma2020_BMMC_SingleDonor_ATAC_ClusterMetadata.tsv
Ma2020_BMMC_SingleDonor	syn52280339	syn52280342	Ma2020_BMMC_SingleDonor_CellAnnotation_ClusterMetadata.tsv
Ma2020_BMMC_SingleDonor	syn52280339	syn52280423	Ma2020_BMMC_SingleDonor_CellClusterAssignment.tsv
Ma2020_BMMC_SingleDonor	syn52280339	syn52280341	Ma2020_BMMC_SingleDonor_RNA_ClusterMetadata.tsv
Ma2020_BMMC_SingleDonor	syn52280339	syn52280393	tagAlign_Ma2020_BMMC_SingleDonor_CD4-positive.tsv.gz
Ma2020_BMMC_SingleDonor	syn52280339	syn52280363	tagAlign_Ma2020_BMMC_SingleDonor_CD4-positive.tsv.gz.tbi
Ma2020_BMMC_SingleDonor	syn52280339	syn52280394	tagAlign_Ma2020_BMMC_SingleDonor_CD8-positive.tsv.gz
Ma2020_BMMC_SingleDonor	syn52280339	syn52280362	tagAlign_Ma2020_BMMC_SingleDonor_CD8-positive.tsv.gz.tbi
Ma2020_BMMC_SingleDonor	syn52280339	syn52280390	tagAlign_Ma2020_BMMC_SingleDonor_common-myeloid-progenitor.tsv.gz
Ma2020_BMMC_SingleDonor	syn52280339	syn52280361	tagAlign_Ma2020_BMMC_SingleDonor_common-myeloid-progenitor.tsv.gz.tbi
Ma2020_BMMC_SingleDonor	syn52280339	syn52280389	tagAlign_Ma2020_BMMC_SingleDonor_erythrocyte.tsv.gz
Ma2020_BMMC_SingleDonor	syn52280339	syn52280360	tagAlign_Ma2020_BMMC_SingleDonor_erythrocyte.tsv.gz.tbi
Ma2020_BMMC_SingleDonor	syn52280339	syn52280388	tagAlign_Ma2020_BMMC_SingleDonor_erythroid-progenitor-cell.tsv.gz
Ma2020_BMMC_SingleDonor	syn52280339	syn52280359	tagAlign_Ma2020_BMMC_SingleDonor_erythroid-progenitor-cell.tsv.gz.tbi
Ma2020_BMMC_SingleDonor	syn52280339	syn52280387	tagAlign_Ma2020_BMMC_SingleDonor_granulocyte.tsv.gz
Ma2020_BMMC_SingleDonor	syn52280339	syn52280358	tagAlign_Ma2020_BMMC_SingleDonor_granulocyte.tsv.gz.tbi
Ma2020_BMMC_SingleDonor	syn52280339	syn52280386	tagAlign_Ma2020_BMMC_SingleDonor_hematopoietic-stem-cell.tsv.gz
Ma2020_BMMC_SingleDonor	syn52280339	syn52280357	tagAlign_Ma2020_BMMC_SingleDonor_hematopoietic-stem-cell.tsv.gz.tbi
Ma2020_BMMC_SingleDonor	syn52280339	syn52280383	tagAlign_Ma2020_BMMC_SingleDonor_macrophage.tsv.gz
Ma2020_BMMC_SingleDonor	syn52280339	syn52280356	tagAlign_Ma2020_BMMC_SingleDonor_macrophage.tsv.gz.tbi
Ma2020_BMMC_SingleDonor	syn52280339	syn52280382	tagAlign_Ma2020_BMMC_SingleDonor_mature-NK-T-cell.tsv.gz
Ma2020_BMMC_SingleDonor	syn52280339	syn52280355	tagAlign_Ma2020_BMMC_SingleDonor_mature-NK-T-cell.tsv.gz.tbi
Ma2020_BMMC_SingleDonor	syn52280339	syn52280381	tagAlign_Ma2020_BMMC_SingleDonor_memory-B-cell.tsv.gz
Ma2020_BMMC_SingleDonor	syn52280339	syn52280354	tagAlign_Ma2020_BMMC_SingleDonor_memory-B-cell.tsv.gz.tbi
Ma2020_BMMC_SingleDonor	syn52280339	syn52280377	tagAlign_Ma2020_BMMC_SingleDonor_monocyte.tsv.gz
Ma2020_BMMC_SingleDonor	syn52280339	syn52280353	tagAlign_Ma2020_BMMC_SingleDonor_monocyte.tsv.gz.tbi
Ma2020_BMMC_SingleDonor	syn52280339	syn52280368	tagAlign_Ma2020_BMMC_SingleDonor_naive-B-cell.tsv.gz
Ma2020_BMMC_SingleDonor	syn52280339	syn52280352	tagAlign_Ma2020_BMMC_SingleDonor_naive-B-cell.tsv.gz.tbi
Ma2020_BMMC_SingleDonor	syn52280339	syn52280365	tagAlign_Ma2020_BMMC_SingleDonor_neutrophil.tsv.gz
Ma2020_BMMC_SingleDonor	syn52280339	syn52280351	tagAlign_Ma2020_BMMC_SingleDonor_neutrophil.tsv.gz.tbi
Ma2020_BMMC_SingleDonor	syn52280339	syn52280364	tagAlign_Ma2020_BMMC_SingleDonor_plasma-cell.tsv.gz
Ma2020_BMMC_SingleDonor	syn52280339	syn52280350	tagAlign_Ma2020_BMMC_SingleDonor_plasma-cell.tsv.gz.tbi
Bridge_Satpathy	syn52283018	syn52291722	Bridge_Satpathy.combinedFiltered.mm39.rna.h5
Bridge_Satpathy	syn52283018	syn52283275	Bridge_Satpathy_CellClusterAssignment.tsv
Bridge_Satpathy	syn52283018	syn52283262	Bridge_Satpathy_ClusterMetadata.tsv
Bridge_Satpathy	syn52283018	syn52293289	Bridge_Satpathy_Astrocyte.atac.filter.cutsites.mm39.tagAlign.gz
Bridge_Satpathy	syn52283018	syn52293291	Bridge_Satpathy_Astrocyte.atac.filter.cutsites.mm39.tagAlign.gz.tbi
Bridge_Satpathy	syn52283018	syn52293863	Bridge_Satpathy_GABA.atac.filter.cutsites.mm39.tagAlign.gz
Bridge_Satpathy	syn52283018	syn52293865	Bridge_Satpathy_GABA.atac.filter.cutsites.mm39.tagAlign.gz.tbi
Bridge_Satpathy	syn52283018	syn52295174	Bridge_Satpathy_GLUT.atac.filter.cutsites.mm39.tagAlign.gz
Bridge_Satpathy	syn52283018	syn52294870	Bridge_Satpathy_GLUT.atac.filter.cutsites.mm39.tagAlign.gz.tbi
Bridge_Satpathy	syn52283018	syn52293300	Bridge_Satpathy_Microglia.atac.filter.cutsites.mm39.tagAlign.gz
Bridge_Satpathy	syn52283018	syn52293302	Bridge_Satpathy_Microglia.atac.filter.cutsites.mm39.tagAlign.gz.tbi
Bridge_Satpathy	syn52283018	syn52293329	Bridge_Satpathy_OPC.atac.filter.cutsites.mm39.tagAlign.gz
Bridge_Satpathy	syn52283018	syn52293330	Bridge_Satpathy_OPC.atac.filter.cutsites.mm39.tagAlign.gz.tbi
Bridge_Satpathy	syn52283018	syn52293316	Bridge_Satpathy_Oligodendrocyte.atac.filter.cutsites.mm39.tagAlign.gz
Bridge_Satpathy	syn52283018	syn52293318	Bridge_Satpathy_Oligodendrocyte.atac.filter.cutsites.mm39.tagAlign.gz.tbi
Bridge_Satpathy	syn52283018	syn52293332	Bridge_Satpathy_VLMC.atac.filter.cutsites.mm39.tagAlign.gz
Bridge_Satpathy	syn52283018	syn52293334	Bridge_Satpathy_VLMC.atac.filter.cutsites.mm39.tagAlign.gz.tbi
igvf_b01_LeftCortex	syn52283017	syn52283316	igvf_b01_LeftCortex.combinedFiltered.mm39.rna.h5
igvf_b01_LeftCortex	syn52283017	syn52283071	igvf_b01_LeftCortex_CellClusterAssignment.tsv
igvf_b01_LeftCortex	syn52283017	syn52291427	igvf_b01_LeftCortex_ClusterMetadata.tsv
